Workbook
Name \X: '[1]URA-C1'!#REF!
Name \z: '[2]URA-C1'!#REF!
Name ____CNF1: [3]BULD.3!#REF!
Name ____CNF12: [3]BULD.3!#REF!
Name ____CNH1: #REF!
Name ____frw4: [3]BULD.3!#REF!
Name ____frw42: [3]BULD.3!#REF!
Name ____hbs2: [3]BULD.3!#REF!
Name ____hbs22: [3]BULD.3!#REF!
Name ____hbs3: [3]BULD.3!$A$42
Name ____hbs32: [3]BULD.3!$B$42
Name ____hcs300: [3]BULD.3!#REF!
Name ____hcs3001: [3]BULD.3!#REF!
Name ____HCS3002: [3]BULD.3!#REF!
Name ____pcf1: [3]BULD.3!#REF!
Name ____pcf12: [3]BULD.3!#REF!
Name ____pcf2: [3]BULD.3!#REF!
Name ____pcf22: [3]BULD.3!#REF!
Name ____pcf3: [3]BULD.3!$A$11
Name ____pcf32: [3]BULD.3!$B$11
Name ____pcf4: [3]BULD.3!#REF!
Name ____pcf42: [3]BULD.3!#REF!
Name ____pcf5: [3]BULD.3!#REF!
Name ____pcf52: [3]BULD.3!#REF!
Name ____pcg1: [3]BULD.3!#REF!
Name ____pcg12: [3]BULD.3!#REF!
Name ____pcg2: [3]BULD.3!#REF!
Name ____pcg22: [3]BULD.3!#REF!
Name ____pcg3: [3]BULD.3!$A$13
Name ____pcg32: [3]BULD.3!$B$13
Name ____pcg4: [3]BULD.3!#REF!
Name ____pcg42: [3]BULD.3!#REF!
Name ____pcg5: [3]BULD.3!#REF!
Name ____pcg52: [3]BULD.3!#REF!
Name ____rcc2: [3]BULD.3!#REF!
Name ____rcc22: [3]BULD.3!#REF!
Name ____rcc3: [3]BULD.3!$A$34
Name ____rcc32: [3]BULD.3!$B$34
Name ____rcc52: [3]BULD.3!#REF!
Name ____rcf1: [3]BULD.3!#REF!
Name ____rcf12: [3]BULD.3!#REF!
Name ____rcf2: [3]BULD.3!#REF!
Name ____rcf22: [3]BULD.3!#REF!
Name ____rcf3: [3]BULD.3!$A$19
Name ____rcf32: [3]BULD.3!$B$19
Name ____rcf4: [3]BULD.3!#REF!
Name ____rcf42: [3]BULD.3!#REF!
Name ____RCF5: [3]BULD.3!#REF!
Name ____RCF52: [3]BULD.3!#REF!
Name ____rw3: [3]BULD.3!$B$27
Name ____rw32: [3]BULD.3!$A$27
Name ____rw4: [3]BULD.3!#REF!
Name ____rw42: [3]BULD.3!#REF!
Name ____rwf3: [3]BULD.3!$A$31
Name ____rwf32: [3]BULD.3!$B$31
Name ____src1: [3]BULD.3!#REF!
Name ____ssf2: [3]BULD.3!#REF!
Name ____ssf22: [3]BULD.3!#REF!
Name ____ssf3: [3]BULD.3!$A$38
Name ____ssf32: [3]BULD.3!$B$38

Sheet Summary
A2: SGH Makkah OPD Expansion Abstract
A3: S. No. | B3: DESCRIPTION | C3: Amount (SAR)
A5: 1 | B5: GENERAL REQUIREMENTS
A7: 2 | B7: CIVIL & ARCHITECTURAL WORKS
A9: 3 | B9: MECHANICAL WORKS
A11: 4 | B11: ELECTRICAL & LC WORKS | C11: =Electrical!F88+'Low Current'!F115 -> 2355553
B13: Low Current-missing | C13: ='Low Current-missing'!F124 -> 1036091
A15: 5 | B15: MEDICAL GASES WORKS
A17: 6 | B17: DESIGN WORKS
B19: GRAND TOTAL | C19: =SUM(C5:C18) -> 3391644 | E19: =C11/1360 -> 1732.0243

Sheet Electrical
A2: Electrical Works | J2: 1
A3: Item No. | B3: Description | C3: Unit | D3: Qty | E3: Unit Rate | F3: Amount | G3: العام | H3: Best | I3: Supplier | J3: O&P% | K3: Dry (O) | L3: OUTLET (P)مخرج الكهربا | M3: Supply (Q) | N3: Wastage (R) | O3: Install (S) | P3: Access (T) | Q3: ملاحظات | R3: الموردون
A4: 16 | B4: ELECTRICAL
B6: POWER AND LIGHTING | M6: لوحات التوزيع الكهربائية
A7: 16.1 | B7: Main installation supply, installation, testing and commissioning of main electric and sub main distribution panels including the busbar, main breaker, branch breakers(M.C.CBS) metering equipment and all other accessories. The board shall be furnished with current transformers for measurments and protection, and microprocessor based network analyzer to meter and analyze at least 3PH .current , voltage , KWH , KWHR. power factor, frequency ..etc. All panel boards should be monitored and lighting panel boards to be monitored and controlled by BMS. As specified and/or detailed on the drawings and as per method of measurement and specifications . | Q7: اللوحات مطلوب بها بتشمل (Busbar, Main Breaker, Branch Breakers, CTs, Network Analyzer, BMS Integration).
A8: 16.1-1 | B8: DB-N4A-1F | C8: No. | D8: 1 | E8: =ROUNDUP(H8*$J$2,0) -> 14000 | F8: =D8*E8 -> 14000 | G8: لوحات كهربائية | H8: =K8 -> 14000 | I8: Schneider Electric | K8: =L8+M8+N8+O8+P8 -> 14000 | L8: 0 | M8: 11700 | N8: 200 | O8: 1600 | P8: 500 | R8: Schneider
A9: 16.1-2 | B9: DB-N4B-1F | C9: No. | D9: 1 | E9: =ROUNDUP(H9*$J$2,0) -> 12700 | F9: =D9*E9 -> 12700 | G9: لوحات كهربائية | H9: =K9 -> 12700 | I9: Schneider Electric | K9: =L9+M9+N9+O9+P9 -> 12700 | L9: 0 | M9: 10400 | N9: 200 | O9: 1600 | P9: 500 | R9: Schneider
A10: 16.1-3 | B10: DB-LN4-1F | C10: No. | D10: 1 | E10: =ROUNDUP(H10*$J$2,0) -> 11400 | F10: =D10*E10 -> 11400 | G10: لوحات كهربائية | H10: =K10 -> 11400 | I10: Schneider Electric | K10: =L10+M10+N10+O10+P10 -> 11400 | L10: 0 | M10: 9100 | N10: 200 | O10: 1600 | P10: 500 | R10: Schneider
A11: 16.1-4 | B11: DB-LE4-1F | C11: No. | D11: 1 | E11: =ROUNDUP(H11*$J$2,0) -> 10100 | F11: =D11*E11 -> 10100 | G11: لوحات كهربائية | H11: =K11 -> 10100 | I11: Schneider Electric | K11: =L11+M11+N11+O11+P11 -> 10100 | L11: 0 | M11: 7800 | N11: 200 | O11: 1600 | P11: 500 | R11: Schneider
A12: 16.1-5 | B12: DB-E4-1F | C12: No. | D12: 1 | E12: =ROUNDUP(H12*$J$2,0) -> 9450 | F12: =D12*E12 -> 9450 | G12: لوحات كهربائية | H12: =K12 -> 9450 | I12: Schneider Electric | K12: =L12+M12+N12+O12+P12 -> 9450 | L12: 0 | M12: 7150 | N12: 200 | O12: 1600 | P12: 500 | R12: Schneider
A13: 16.1-6 | B13: DB-U3-1F | C13: No. | D13: 1 | E13: =ROUNDUP(H13*$J$2,0) -> 8475 | F13: =D13*E13 -> 8475 | G13: لوحات كهربائية | H13: =K13 -> 8475 | I13: Schneider Electric | K13: =L13+M13+N13+O13+P13 -> 8475 | L13: 0 | M13: 6175 | N13: 200 | O13: 1600 | P13: 500 | R13: Schneider
A14: 16.1-7 | B14: DB-LU2-1F | C14: No. | D14: 1 | E14: =ROUNDUP(H14*$J$2,0) -> 7825 | F14: =D14*E14 -> 7825 | G14: لوحات كهربائية | H14: =K14 -> 7825 | I14: Schneider Electric | K14: =L14+M14+N14+O14+P14 -> 7825 | L14: 0 | M14: 5525 | N14: 200 | O14: 1600 | P14: 500 | R14: Schneider
A15: 16.1-8 | B15: LCP4-1F ( KNX ) | C15: No. | D15: 1 | E15: =ROUNDUP(H15*$J$2,0) -> 36400 | F15: =D15*E15 -> 36400 | G15: لوحات كهربائية | H15: =K15 -> 36400 | I15: Schneider Electric | K15: =L15+M15+N15+O15+P15 -> 36400 | L15: 0 | M15: 30000 | N15: 400 | O15: 5000 | P15: 1000 | R15: Schneider
B18: POWER & CONTROL CABLES : | M18: الكابلات
A20: 16.8 | B20: supply & install multi-core non-armored and armored cables, LS0H 0.6/1.0kv. copper/XLPE/PVC. feeding mechanical& or electrical loads runs in cable trays, above false ceiling or in the shaft or in the condiuts, with all fixing and connecting accessories (the glands and lugs copper made), as detailed in technical specifications and shown on drawing and as per method of measurement and specifications . | Q20: (فخ أسطوري): في مشروع بحجم 1126 متر مربع، فيه 327 نقطة قوى و 284 نقطة إنارة (كما بالبند 16.9 و 16.11)، مفيش طريق في الدنيا إن الكابلات دي تطلع أطوالها "مئوية" زي كده بالظبط!
A21: 16.8-1 | B21: (4C-10 MM2 CU/XLPE/PVC) | C21: LM | D21: 1000 | E21: =ROUNDUP(H21*$J$2,0) -> 42 | F21: =D21*E21 -> 42000 | G21: كابلات تغذية | H21: =K21 -> 41.65 | I21: Riyadh Cables | K21: =L21+M21+N21 -> 41.65 | L21: 0 | M21: 40 | N21: 1.65 | O21: 13.75 | P21: 2 | R21: Riyadh Cables
A22: 16.8-2 | B22: (4C-35 MM2 CU/XLPE/PVC) | C22: LM | D22: 1000 | E22: =ROUNDUP(H22*$J$2,0) -> 127 | F22: =D22*E22 -> 127000 | G22: كابلات تغذية | H22: =K22 -> 127 | I22: Riyadh Cables | K22: =L22+M22+N22 -> 127 | L22: 0 | M22: 125 | N22: 2 | O22: 30 | P22: 2 | R22: Riyadh Cables
A23: 16.8-3 | B23: (4C-50 MM2 CU/XLPE/PVC) | C23: LM | D23: 400 | E23: =ROUNDUP(H23*$J$2,0) -> 200 | F23: =D23*E23 -> 80000 | G23: كابلات تغذية | H23: =K23 -> 200 | I23: Riyadh Cables | K23: =L23+M23+N23 -> 200 | L23: 0 | M23: 198 | N23: 2 | O23: 40 | P23: 2 | R23: Riyadh Cables
A24: 16.8-4 | B24: (1C-10MM2 Y/G) | C24: LM | D24: 1000 | E24: =ROUNDUP(H24*$J$2,0) -> 16 | F24: =D24*E24 -> 16000 | G24: كابلات تغذية | H24: =K24 -> 15.54 | I24: Riyadh Cables | K24: =L24+M24+N24 -> 15.54 | L24: 0 | M24: 15 | N24: 0.54 | O24: 4 | P24: 1 | R24: Riyadh Cables
A25: 16.8-5 | B25: (1C-16MM2 Y/G) | C25: LM | D25: 1000 | E25: =ROUNDUP(H25*$J$2,0) -> 20 | F25: =D25*E25 -> 20000 | G25: كابلات تغذية | H25: =K25 -> 19.84 | I25: Riyadh Cables | K25: =L25+M25+N25 -> 19.84 | L25: 0 | M25: 19 | N25: 0.84 | O25: 5 | P25: 1 | R25: Riyadh Cables
A26: 16.8-6 | B26: (1C-25MM2 Y/G) | C26: LM | D26: 400 | E26: =ROUNDUP(H26*$J$2,0) -> 30 | F26: =D26*E26 -> 12000 | G26: كابلات تغذية | H26: =K26 -> 29.26 | I26: Riyadh Cables | K26: =L26+M26+N26 -> 29.26 | L26: 0 | M26: 28 | N26: 1.26 | O26: 7 | P26: 1 | R26: Riyadh Cables
A27: 16.8-7 | B27: Cable Lugs, Gland & Terminations | C27: LS | D27: 1 | E27: =ROUNDUP(H27*$J$2,0) -> 78750 | F27: =D27*E27 -> 78750 | G27: كابلات تغذية | H27: =K27 -> 78750 | I27: Burndy | K27: =L27+M27+N27+O27+P27 -> 78750 | L27: 0 | O27: =SUMPRODUCT($D$21:$D$26,$O$21:$O$26) -> 71550 | P27: =SUMPRODUCT($D$21:$D$26,$P$21:$P$26) -> 7200 | R27: Riyadh Cables
B29: Power Sockets and Switches | M29: مخارج القوى والأفياش
A30: 16.9 | B30: supply , install, testing and commissioning of socket outlets, switches, exhaust fan points and other power points , included all swiches with indication lamps, push buttons , cables ,wiring, conduits , trunks , boxes and all needed accessories to complete the work as per bill of quantities , drawings , specifications and engineers instructions and approval and as per method of measurement and specifications .wire size 4MM² .
A31: 16.9-1 | B31: Power Points (Conduing & Wiring with Accessories) | C31: No. | D31: 327 | E31: =ROUNDUP(H31*$J$2,0) -> 270 | F31: =D31*E31 -> 88290 | G31: مخارج قوى وأفياش | H31: =K31 -> 269.1 | I31: Legrand | K31: =(Table1[[#This Row],[OUTLET (P)مخرج الكهربا ]]/6)+Table1[[#This Row],[Wastage (R)]]+Table1[[#This Row],[Access (T)]] -> 269.1 | L31: =L32+L33+L34+L35+L36+L37 -> 1554.6 | N31: 5 | P31: 5 | R31: Legrand
A32: 16.9-2 | B32: 1 G 1W Switch | C32: No. | D32: 100 | E32: =ROUNDUP(H32*$J$2,0) -> 56 | F32: =D32*E32 -> 5600 | G32: مفاتيح إنارة | H32: =K32 -> 56 | I32: Legrand | K32: =M32+N32+O32+P32 -> 56 | L32: ='بريك داون كهرباء'!Q24 -> 170 | M32: 40 | N32: 3 | O32: 10 | P32: 3 | R32: Legrand
A33: 16.9-3 | B33: 2 G 1W Switch | C33: No. | D33: 20 | E33: =ROUNDUP(H33*$J$2,0) -> 83 | F33: =D33*E33 -> 1660 | G33: مفاتيح إنارة | H33: =K33 -> 83 | I33: Legrand | K33: =M33+N33+O33+P33 -> 83 | L33: ='بريك داون كهرباء'!Q25 -> 251 | M33: 65 | N33: 3 | O33: 10 | P33: 5 | R33: Legrand
A34: 16.9-4 | B34: Single socket Berker 1G | C34: No. | D34: 130 | E34: =ROUNDUP(H34*$J$2,0) -> 96 | F34: =D34*E34 -> 12480 | G34: مخارج قوى وأفياش | H34: =K34 -> 96 | I34: Berker | K34: =M34+N34+O34+P34 -> 96 | L34: ='بريك داون كهرباء'!Q26 -> 170 | M34: 80 | N34: 3 | O34: 10 | P34: 3 | R34: Legrand
A35: 16.9-5 | B35: Duplex socket Berker 1G for PVC trunking | C35: No. | D35: 70 | E35: =ROUNDUP(H35*$J$2,0) -> 148 | F35: =D35*E35 -> 10360 | G35: مخارج قوى وأفياش | H35: =K35 -> 148 | I35: Berker | K35: =M35+N35+O35+P35 -> 148 | L35: ='بريك داون كهرباء'!Q27 -> 170 | M35: 130 | N35: 3 | O35: 10 | P35: 5 | R35: Legrand
A36: 16.9-6 | B36: Industrial low voltage socket 5 pin 30A | C36: No. | D36: 5 | E36: =ROUNDUP(H36*$J$2,0) -> 371 | F36: =D36*E36 -> 1855 | G36: مخارج قوى وأفياش | H36: =K36 -> 370.6 | I36: Legrand | K36: =M36+N36+O36+P36 -> 370.6 | L36: ='بريك داون كهرباء'!Q28 -> 514 | M36: 250 | N36: 20.6 | O36: 80 | P36: 20 | R36: Legrand
A37: 16.9-7 | B37: Recessed type floor box with 2 compartments and push opening option | C37: No. | D37: 2 | E37: =ROUNDUP(H37*$J$2,0) -> 866 | F37: =D37*E37 -> 1732 | G37: مخارج قوى وأفياش | H37: =K37 -> 865.5 | I37: Legrand | K37: =M37+N37+O37+P37 -> 865.5 | L37: ='بريك داون كهرباء'!Q29 -> 279.6 | M37: 797.5 | N37: 10 | O37: 50 | P37: 8 | Q37: دي في مستشفيات بتكون مكلفة جداً لأنها Anti-bacterial ومقاومة للماء، وسعرها بيختلف خالص عن الـ Floor Box العادي. | R37: Legrand
B39: Isolators :
A40: 16.1 | B40: supply, install and connect isolator outlet included all cables, wires, conduits, trunks, boxes and all needed accessories to complete the work as per bill of quantities , drawings , specifications and engineers instructions and approval and as per method of measurement and specifications .
A41: 16.10-1 | B41: 32 A ISOLATOR TPN | C41: No. | D41: 20 | E41: =ROUNDUP(H41*$J$2,0) -> 879 | F41: =D41*E41 -> 17580 | G41: مخارج قوى وأفياش | H41: =K41 -> 879 | I41: Schneider Electric | K41: =L41+M41+N41+O41+P41 -> 879 | L41: ='بريك داون كهرباء'!Q30 -> 534 | M41: 280 | N41: 10 | O41: 50 | P41: 5 | R41: mk
B43: Lighting system : | M43: نظام الإنارة
A44: 16.11 | B44: supply, install &connect, complete indoor and outdoor lighting points including , conduits boxes , wires , impulse relay swiches or swich panels and all other accessories from the appropriate bistribution board to the point as specified and/or detailed on the drawings and as per method of measurement and specifications . with wire size 2.5MM² .
A45: 16.11-1 | B45: Lighting Points (Conduing & Wiring with Accessories) | C45: No. | D45: 284 | E45: =ROUNDUP(H45*$J$2,0) -> 166 | F45: =D45*E45 -> 47144 | G45: إنارة داخلية | H45: =K45 -> 165.31818 | K45: =(Table1[[#This Row],[OUTLET (P)مخرج الكهربا ]])+Table1[[#This Row],[Wastage (R)]]+Table1[[#This Row],[Access (T)]] -> 165.31818 | L45: =(L46+L47+L48+L49+L50+L51+L52+L53+L54+L55+L56+L57)/11 -> 155.31818 | N45: 5 | P45: 5
A46: 16.11-2 | B46: Type - L1 , Square down light 23w , IP44 , 230V , 60HZ | C46: No. | D46: 80 | E46: =ROUNDUP(H46*$J$2,0) -> 173 | F46: =D46*E46 -> 13840 | G46: إنارة داخلية | H46: =K46 -> 173 | I46: siera | K46: =M46+N46+O46+P46 -> 173 | L46: ='بريك داون كهرباء'!Q33 -> 153.5 | M46: 125 | N46: 5 | O46: 40 | P46: 3
A47: 16.11-3 | B47: Type - L2 , Square Panel down light 16w , 230v , IP44 , 5000K | C47: No. | D47: 20 | E47: =ROUNDUP(H47*$J$2,0) -> 197 | F47: =D47*E47 -> 3940 | G47: إنارة داخلية | H47: =K47 -> 196.55 | I47: siera | K47: =M47+N47+O47+P47 -> 196.55 | L47: ='بريك داون كهرباء'!Q34 -> 153.5 | M47: 140 | N47: 13.55 | O47: 40 | P47: 3
A48: 16.11-4 | B48: Type - L3 , Square spot light 5w , 230V , IP23 , 3000K | C48: No. | D48: 20 | E48: =ROUNDUP(H48*$J$2,0) -> 156 | F48: =D48*E48 -> 3120 | G48: إنارة داخلية | H48: =K48 -> 155.75 | I48: siera | K48: =M48+N48+O48+P48 -> 155.75 | L48: ='بريك داون كهرباء'!Q35 -> 153.5 | M48: 82 | N48: 10.75 | O48: 60 | P48: 3
A49: 16.11-5 | B49: Type - L7 , Circular down light 10.5w , IP45 , 230V , 4000K | C49: No. | D49: 20 | E49: =ROUNDUP(H49*$J$2,0) -> 175 | F49: =D49*E49 -> 3500 | G49: إنارة داخلية | H49: =K49 -> 174.55 | I49: siera | K49: =M49+N49+O49+P49 -> 174.55 | L49: ='بريك داون كهرباء'!Q36 -> 153.5 | M49: 100 | N49: 11.55 | O49: 60 | P49: 3
A50: 16.11-6 | B50: Type - L8 , Circular spot light 5w , 230V , 60HZ , 3000k | C50: No. | D50: 20 | E50: =ROUNDUP(H50*$J$2,0) -> 203 | F50: =D50*E50 -> 4060 | G50: إنارة داخلية | H50: =K50 -> 202.75 | I50: siera | K50: =M50+N50+O50+P50 -> 202.75 | L50: ='بريك داون كهرباء'!Q37 -> 153.5 | M50: 129 | N50: 10.75 | O50: 60 | P50: 3
A51: 16.11-7 | B51: Type - L11 , Led Panel light 600x600, 28W,230V , IP44, 5000K | C51: No. | D51: 140 | E51: =ROUNDUP(H51*$J$2,0) -> 299 | F51: =D51*E51 -> 41860 | G51: إنارة داخلية | H51: =K51 -> 298.05 | I51: siera | K51: =M51+N51+O51+P51 -> 298.05 | L51: ='بريك داون كهرباء'!Q38 -> 153.5 | M51: 200 | N51: 35.05 | O51: 60 | P51: 3
A52: 16.11-8 | B52: Type - L14B , Led Linear Modular light , 26w , 1450mm , 1p22 , 230V , 60HZ , 4000K | C52: No. | D52: 30 | E52: =ROUNDUP(H52*$J$2,0) -> 428 | F52: =D52*E52 -> 12840 | G52: إنارة داخلية | H52: =K52 -> 427.25 | I52: siera | K52: =M52+N52+O52+P52 -> 427.25 | L52: ='بريك داون كهرباء'!Q39 -> 153.5 | M52: 335 | N52: 29.25 | O52: 60 | P52: 3
A53: 16.11-9 | B53: Type - L15 , Led surface mounted 36w , 230v , 60hz , with battery backup , 6000k | C53: No. | D53: 6 | E53: =ROUNDUP(H53*$J$2,0) -> 690 | F53: =D53*E53 -> 4140 | G53: إنارة طوارئ | H53: =K53 -> 689.75 | I53: siera | K53: =M53+N53+O53+P53 -> 689.75 | L53: ='بريك داون كهرباء'!Q40 -> 153.5 | M53: 575 | N53: 71.75 | O53: 40 | P53: 3
A54: 16.11-10 | B54: Type - L18 , Hidden cove light , 3000K | C54: Mtrs | D54: 111 | E54: =ROUNDUP(H54*$J$2,0) -> 63 | F54: =D54*E54 -> 6993 | G54: إنارة داخلية | H54: =K54 -> 62.25 | I54: siera | K54: =M54+N54+O54+P54 -> 62.25 | M54: 52 | N54: 4.25 | O54: 5 | P54: 1
A55: 16.11-11 | B55: Led Power Supply IP20, 240V/24 for L18 | C55: No. | D55: 12 | E55: =ROUNDUP(H55*$J$2,0) -> 316 | F55: =D55*E55 -> 3792 | G55: إنارة داخلية | H55: =K55 -> 316 | I55: siera | K55: =M55+N55+O55+P55 -> 316 | L55: ='بريك داون كهرباء'!Q43 -> 163.5 | M55: 300 | N55: 9 | O55: 5 | P55: 2
A56: 16.11-12 | B56: Push Button - KNX | C56: No. | D56: 4 | E56: =ROUNDUP(H56*$J$2,0) -> 663 | F56: =D56*E56 -> 2652 | G56: إنارة داخلية | H56: =K56 -> 662.75 | I56: siera | K56: =M56+N56+O56+P56 -> 662.75 | L56: ='بريك داون كهرباء'!Q43 -> 163.5 | M56: 587 | N56: 20.75 | O56: 50 | P56: 5 | Q56: KNX System Hardware (Actuators, Power Supplies, Bus Cables)
A57: 16.11-13 | B57: Exit Sign | C57: No. | D57: 12 | E57: =ROUNDUP(H57*$J$2,0) -> 250 | F57: =D57*E57 -> 3000 | G57: إنارة داخلية | H57: =K57 -> 249.55 | I57: siera | K57: =M57+N57+O57+P57 -> 249.55 | L57: ='بريك داون كهرباء'!Q44 -> 153.5 | M57: 200 | N57: 16.55 | O57: 30 | P57: 3
A59: 16.12 | B59: Lighting control system :
A60: 16.12-1 | B60: supply, install &connect, complete lighting control system (knx technology ) including , software , IP-gateway , 230V KNX power supply , keypads .... etc ,conduits boxes , wires , relay swiches or switch panels and all other accessories from the appropriate bistribution board to the point as specified and/or detailed on the drawings and as per method of measurement and specifications . | C60: LS | D60: 1 | E60: =ROUNDUP(H60*$J$2,0) -> 55500 | F60: =D60*E60 -> 55500 | G60: لوحات كهربائية | H60: =K60 -> 55500 | I60: Schneider Electric | K60: =L60+M60+N60+O60+P60 -> 55500 | L60: 0 | M60: 50000 | N60: 500 | O60: 4000 | P60: 1000 | Q60: نظام الـ KNX مكلف جداً في الممركبات (Modules) والبرمجة. كابلات الـ Bus غير مغطاة في الـ BOQ | R60: Schneider / ABB / Jung / Siemens
A62: 16.15 | B62: Cable Tray (System) | M62: كابل تراي
B63: Supply & Install Cable tray (for power and low current system), as detailed in technical specifications and shown on drawings and as per method of measurement and specifications . | Q63: الكابل تراي دي بند لا يكتمل إلا بـ (Bends, Tees, Reducers, Supports, Fire-Rated Collars).
B64: Cable Ladder
A65: 16.15-1 | B65: 300x100mm cable tray | C65: LM | D65: 250 | E65: =ROUNDUP(H65*$J$2,0) -> 171 | F65: =D65*E65 -> 42750 | G65: كابل تري | H65: =K65 -> 171 | K65: =L65+M65+N65+O65+P65 -> 171 | L65: 0 | M65: 117 | N65: 8 | O65: 40 | P65: 6
B67: Cable tray
A68: 16.15.2 | B68: 200x100mm cable tray | C68: LM | D68: 150 | E68: =ROUNDUP(H68*$J$2,0) -> 114 | F68: =D68*E68 -> 17100 | G68: كابل تري | H68: =K68 -> 114 | K68: =L68+M68+N68+O68+P68 -> 114 | L68: 0 | M68: 60 | N68: 8 | O68: 40 | P68: 6
A69: 16.15.3 | B69: 300x100mm cable tray | C69: LM | D69: 100 | E69: =ROUNDUP(H69*$J$2,0) -> 129 | F69: =D69*E69 -> 12900 | G69: كابل تري | H69: =K69 -> 129 | K69: =L69+M69+N69+O69+P69 -> 129 | L69: 0 | M69: 75 | N69: 8 | O69: 40 | P69: 6
B71: CableTrunking
A72: 16.15.4 | B72: 200x100mm cable trunk with Cover | C72: LM | D72: 150 | E72: =ROUNDUP(H72*$J$2,0) -> 99 | F72: =D72*E72 -> 14850 | G72: كابل تري | H72: =K72 -> 99 | K72: =L72+M72+N72+O72+P72 -> 99 | L72: 0 | M72: 45 | N72: 8 | O72: 40 | P72: 6
A73: 16.16 | B73: FIRE ALARM SYSTEM: | M73: نظام إنذار الحريق FA
B74: supply, installation, testing and commissioning of fire alarm system with 4 Loops including main Fire alarm control panel, Repeater panel, All Detectors, Backup batteries, interfaces Monitoring modules as detailed in technical specifications and drawings with input from Client. | Q74: لوحة 4Loops ، كاشف دخان70، 4 Multi-criteria، 10 Manual Call Points، 10 Sounders. وفي نهاية البند (بند 16.16-12) مكتوب "Civil Defence - Third party Supervision.
A75: 16.16-1 | B75: Fire Alarm Points (Conduing with Accessories) | C75: Lm | D75: 1090 | E75: =ROUNDUP(H75*$J$2,0) -> 25 | F75: =D75*E75 -> 27250 | G75: إنذار حريق | H75: =K75 -> 25 | I75: Legrand | K75: =L75+M75+N75+O75+P75 -> 25 | M75: 20 | N75: 2 | P75: 3 | R75: Legrand / Urapo
A76: 16.16-2 | B76: Fire Alarm cabling | C76: Lm | D76: 1090 | E76: =ROUNDUP(H76*$J$2,0) -> 10 | F76: =D76*E76 -> 10900 | G76: إنذار حريق | H76: =K76 -> 10 | I76: Belden | K76: =L76+M76+N76+O76+P76 -> 10 | M76: 9 | N76: 0.5 | P76: 0.5 | R76: Belden / Draka
A77: 16.16-3 | B77: Smoke Detectors | C77: No. | D77: 70 | E77: =ROUNDUP(H77*$J$2,0) -> 350 | F77: =D77*E77 -> 24500 | G77: إنذار حريق | H77: =K77 -> 350 | I77: Honeywell | K77: 350 | L77: ='بريك داون كهرباء'!Q57 -> 191.6 | M77: 350 | N77: 5 | P77: 5 | R77: Honeywell / Bosch / Hochiki
A78: 16.16-4 | B78: Multi Detectors | C78: No. | D78: 4 | E78: =ROUNDUP(H78*$J$2,0) -> 390 | F78: =D78*E78 -> 1560 | G78: إنذار حريق | H78: =K78 -> 390 | I78: Honeywell | K78: =M78+N78+O78+P78 -> 390 | L78: ='بريك داون كهرباء'!Q58 -> 191.6 | M78: 380 | N78: 5 | P78: 5 | R78: Honeywell / Bosch
A79: 16.16-5 | B79: Interface Unit | C79: No. | D79: 5 | E79: =ROUNDUP(H79*$J$2,0) -> 400 | F79: =D79*E79 -> 2000 | G79: إنذار حريق | H79: =K79 -> 400 | I79: Honeywell | K79: 400 | L79: ='بريك داون كهرباء'!Q59 -> 191.6 | M79: 400 | N79: 5 | P79: 5 | R79: Honeywell / Bosch
A80: 16.16-6 | B80: Manual Call Station | C80: No. | D80: 10 | E80: =ROUNDUP(H80*$J$2,0) -> 380 | F80: =D80*E80 -> 3800 | G80: إنذار حريق | H80: =K80 -> 380 | I80: Honeywell | K80: 380 | L80: ='بريك داون كهرباء'!Q60 -> 191.6 | M80: 380 | N80: 5 | P80: 5 | R80: Honeywell / Bosch / Hochiki
A81: 16.16-7 | B81: Sounder / Flasher | C81: No. | D81: 10 | E81: =ROUNDUP(H81*$J$2,0) -> 400 | F81: =D81*E81 -> 4000 | G81: إنذار حريق | H81: =K81 -> 400 | I81: Honeywell | K81: 400 | L81: ='بريك داون كهرباء'!Q61 -> 191.6 | M81: 400 | N81: 5 | P81: 5 | R81: Honeywell / Bosch
A82: 16.16-8 | B82: Monitoring Module | C82: No. | D82: 8 | E82: =ROUNDUP(H82*$J$2,0) -> 350 | F82: =D82*E82 -> 2800 | G82: إنذار حريق | H82: =K82 -> 350 | I82: Honeywell | K82: 350 | L82: ='بريك داون كهرباء'!Q62 -> 191.6 | M82: 350 | N82: 5 | P82: 5 | R82: Honeywell / Bosch
A83: 16.16-9 | B83: Fire Alarm Control Panel 4Loops | C83: No. | D83: 1 | E83: =ROUNDUP(H83*$J$2,0) -> 29340 | F83: =D83*E83 -> 29340 | G83: إنذار حريق | H83: =K83 -> 29339.25 | I83: Honeywell | K83: =L83+M83+N83+O83+P83 -> 29339.25 | L83: 327 | M83: 28500 | N83: 12.25 | P83: 500 | R83: Honeywell / Bosch / Notifier
A84: 16.16-10 | B84: Graphical Visualisation soft ware license for 1 panel | C84: No. | D84: 1 | E84: =ROUNDUP(H84*$J$2,0) -> 6402 | F84: =D84*E84 -> 6402 | G84: إنذار حريق | H84: =K84 -> 6402 | I84: Honeywell | K84: =L84+M84+N84+O84+P84 -> 6402 | L84: 327 | M84: 5525 | N84: 50 | P84: 500 | R84: Honeywell
A85: 16.16-11 | B85: Testing & Commissioning & Programming | C85: No. | D85: 1 | E85: =ROUNDUP(H85*$J$2,0) -> 17200 | F85: =D85*E85 -> 17200 | G85: إنذار حريق | H85: =K85 -> 17200 | I85: شركة محلية | K85: =L85+M85+N85+O85+P85 -> 17200 | N85: 100 | O85: 17000 | P85: 100 | R85: شركات متخصصة
A86: 16.16-12 | B86: Civil Defence - Thrid party Supervision | C86: No. | D86: 1 | E86: =ROUNDUP(H86*$J$2,0) -> 75100 | F86: =D86*E86 -> 75100 | G86: إنذار حريق | H86: =K86 -> 75100 | I86: شركة معتمدة | K86: =L86+M86+N86+O86+P86 -> 75100 | M86: 75000 | N86: 100 | Q86: "Third party Supervision" معناها فلوس الـ Consultant اللي هيختم الرسومات ويشرف على التنفيذ للموافقة للدفاع المدني. لكن موافقة | R86: شركات معتمدة دفاع مدني
A88: Total for Electrical Works in SAR | F88: =SUBTOTAL(109,F4:F87) -> 1124490

Sheet Low Current
A2: Low Current | J2: 1
A3: Item No. | B3: Description | C3: Unit | D3: Qty | E3: Unit Price (SR) | F3: Amount ( SR ) | G3: العام | H3: Best | I3: Supplier | J3: O&P% | K3: Dry (O) | L3: OUTLET (P) | M3: Supply (Q) | N3: Wastage (R) | O3: Install (S) | P3: Access (T) | Q3: ملاحظات | R3: الموردون
A4: 16.17 | B4: PUBLIC ADDRESS SYSTEM & EVACUATION SYSTEM : | G4: نظام الإذاعة PA والإخلاء
B5: Supply, install, testing and commissioning for public address and evacuation system consisting of Main Rack and Zone controller, Racks, digital audio matrix / main controller, amplifier units, Loudspeakers, call stations, volume controls and operation devices including batteries and chargers (for a minimum continuous evacuation period as per the Life Safety designation but not less than 2 hours), fire rated fiber and audio cables and wires, conduits, supports, and wire connection , interfacing works with other systems including Fire Alarm and BMS, Prayer Audio System and Master Clock as shown on drawings and described in specifications SECTION 16770 and as per Civil Defense requirements. | C5: Each | D5: 1 | E5: =ROUNDUP(H5*$J$2,0) -> 70767 | F5: =D5*E5 -> 70767 | G5: نظام PA - إذاعة | H5: =K5 -> 70767 | I5: Bosch | K5: =L5+M5+N5+O5+P5 -> 70767 | L5: 317 | M5: =18500+8750+14200+6400+3700+8000+5000 -> 64550 | N5: 400 | O5: 5000 | P5: 500 | Q5: (Zone Controller+Amplifier Units+Digital Audio Matrix / Main Controller+Call Stations+Main Rack for Public Address & Evacuation Systemفي الوصف( إنه لازم ي interfaced مع (Fire Alarm, BMS, Prayer Audio, Master Clock). الـ Integration بتاع المستشفيات بيحتاج برمجة مكلفة من الـ Vendor. سعر الـ LS بتاعك لازم يشمل الـ Hardware والـ Software والـ Integration والـ Programming. | R5: FINOSEL-Bosch-TOA-Exide / Trojan-MESK
B6: Supply install and test and commission public adress & evacutaion system include loud speaker pionts , verification of the desin box , conduit , 2x2.5mm2 cables from each piont to voice rack and all needed accessories tto complte the work as per Boq and drawings , specifications , civill defence department requirment
B7: notes : all materials shall be fire rated
B8: All speakers 5W-8W
A9: 16.17.1 | B9: L-VCP06A/EN 6W Ceiling Loudspeaker ABS back box EN54 | C9: Each | D9: 32 | E9: =ROUNDUP(H9*$J$2,0) -> 671 | F9: =D9*E9 -> 21472 | G9: نظام PA - إذاعة | H9: =K9 -> 670.8 | I9: Bosch | K9: =L9+M9+N9+O9+P9 -> 670.8 | L9: ='بريك داون تيار خفيف'!Q4 -> 142.8 | M9: 510 | N9: 8 | P9: 10 | Q9: Ceiling-mounted speaker with EN54 compliance | R9: Bosch / TOA / Harman
A10: 16.17.2 | B10: L-VWM06A/ENVA LS - 6W Metal Wall Mount | C10: Each | D10: 4 | E10: =ROUNDUP(H10*$J$2,0) -> 778 | F10: =D10*E10 -> 3112 | G10: نظام PA - إذاعة | H10: =K10 -> 777.8 | I10: Bosch | K10: =L10+M10+N10+O10+P10 -> 777.8 | L10: ='بريك داون تيار خفيف'!Q5 -> 142.8 | M10: 620 | N10: 5 | P10: 10 | Q10: Wall-mounted metal loudspeaker | R10: Bosch / TOA
A11: 16.17.3 | B11: [L-PHP30A] HORN LOUDSPEAKER 630/15W WITH ABS | C11: Each | D11: 8 | E11: =ROUNDUP(H11*$J$2,0) -> 558 | F11: =D11*E11 -> 4464 | G11: نظام PA - إذاعة | H11: =K11 -> 557.8 | I11: Bosch | K11: =L11+M11+N11+O11+P11 -> 557.8 | L11: ='بريك داون تيار خفيف'!Q6 -> 142.8 | M11: 400 | N11: 5 | P11: 10 | Q11: Horn loudspeaker for outdoor use | R11: Bosch / TOA / Harman
A12: 16.17.4 | B12: Volume Control Switch 60W [60VC-HN [60VCHN 4 With Protection Circuit, White | C12: Each | D12: 6 | E12: =ROUNDUP(H12*$J$2,0) -> 908 | F12: =D12*E12 -> 5448 | G12: نظام PA - إذاعة | H12: =K12 -> 907.8 | I12: Bosch | K12: =L12+M12+N12+O12+P12 -> 907.8 | L12: ='بريك داون تيار خفيف'!Q7 -> 142.8 | M12: 750 | N12: 5 | P12: 10 | Q12: Wall-mounted volume control with protection | R12: Bosch / TOA
A13: 16.17.5 | B13: wireless microphone | C13: Each | D13: 1 | E13: =ROUNDUP(H13*$J$2,0) -> 4210 | F13: =D13*E13 -> 4210 | G13: نظام PA - إذاعة | H13: =K13 -> 4210 | I13: Bosch | K13: =L13+M13+N13+O13+P13 -> 4210 | L13: ='بريك داون تيار خفيف'!Q8 -> 0 | M13: 4200 | N13: 5 | P13: 5 | Q13: Wireless microphone for audio system | R13: Bosch / Sennheiser / Shure
A14: 16.17.6 | B14: Testing and Commissioning | C14: Each | D14: 1 | E14: =ROUNDUP(H14*$J$2,0) -> 5000 | F14: =D14*E14 -> 5000 | G14: نظام PA - إذاعة | H14: =K14 -> 5000 | K14: 5000 | Q14: System testing and commissioning | R14: شركات متخصصة
A15: 16.17.7 | B15: Installation | C15: Lot | D15: 1 | E15: =ROUNDUP(H15*$J$2,0) -> 15000 | F15: =D15*E15 -> 15000 | G15: نظام PA - إذاعة | H15: =K15 -> 15000 | K15: 15000 | Q15: Complete installation service | R15: شركات متخصصة
H17: =K17 -> 0 | K17: =L17+M17+N17+O17+P17 -> 0
A18: 16.18 | B18: MASTER CLOCK SYSTEM : | G18: MASTER CLOCK SYSTEM
A19: 16.18.1 | B19: SAPLING SINGLE SIDE DIGITAL IP CLOCK, 3100 MODEL, 4.0", 4 DIGITS, POE, RED DISPLAY, SURFACE WALL MOUNT | C19: Each | D19: 4 | E19: =ROUNDUP(H19*$J$2,0) -> 1530 | F19: =D19*E19 -> 6120 | G19: شبكة MATV | H19: =K19 -> 1530 | I19: Sapling | K19: =L19+M19+N19+O19+P19 -> 1530 | M19: 1500 | N19: 10 | P19: 20 | Q19: ساعة رقمية IP بواجهة حائط، عرض أحمر
A20: 16.18.2 | B20: DOUBLE MOUNT HOUSING FOR ABOVE | C20: Each | D20: 2 | E20: =ROUNDUP(H20*$J$2,0) -> 420 | F20: =D20*E20 -> 840 | G20: شبكة MATV | H20: =K20 -> 420 | I20: Sapling | K20: =L20+M20+N20+O20+P20 -> 420 | M20: 390 | N20: 10 | P20: 20 | Q20: قاعدة تثبيت مزدوجة للساعة
A21: 16.18.3 | B21: PROGRAMMING, TESTING & COMMISSIONING | C21: Each | D21: 1 | E21: =ROUNDUP(H21*$J$2,0) -> 4510 | F21: =D21*E21 -> 4510 | G21: شبكة MATV | H21: =K21 -> 4510 | I21: Sapling | K21: =L21+M21+N21+O21+P21 -> 4510 | M21: 4500 | N21: 10 | Q21: برمجة، اختبار وتشغيل النظام
A22: 16.18.4 | B22: SMALL ORDER DOCUMENTATION & HANDLING CHARGES (APPLICABLE IF PO VALUE LESS THAN SR.20,000.00) | C22: Each | D22: 1 | E22: =ROUNDUP(H22*$J$2,0) -> 510 | F22: =D22*E22 -> 510 | G22: شبكة MATV | H22: =K22 -> 510 | I22: Sapling | K22: =L22+M22+N22+O22+P22 -> 510 | M22: 500 | N22: 10 | Q22: رسوم توثيق ومعالجة الطلبات الصغيرة
A23: 16.18.5 | B23: INSTATLLATION | C23: Lot | D23: 1 | E23: =ROUNDUP(H23*$J$2,0) -> 14000 | F23: =D23*E23 -> 14000 | G23: شبكة MATV | H23: =K23 -> 14000 | I23: System Integrator | K23: =L23+M23+N23+O23+P23 -> 14000 | M23: 14000 | Q23: تكاليف التركيب الكامل للنظام
H24: =K24 -> 0 | K24: =L24+M24+N24+O24+P24 -> 0
A26: 16.19 | B26: DIGITAL SIGNAGE SYSTEM : | G26: نظام اللافتات الرقمية Digital Signage
B27: Supply, installations, testing and commissioning of Digital signage system work including cables, conduits, power supply + connections, poe switches and all related complete accessories & work as per Drawing, Specification and Engineer Instructions.
A28: 16.19.1 | B28: WAITING AREA 55" 100% | C28: Each | D28: 6 | E28: =ROUNDUP(H28*$J$2,0) -> 5320 | F28: =D28*E28 -> 31920 | G28: اللافتات الرقمية | H28: =K28 -> 5320 | I28: Samsung | K28: =L28+M28+N28+O28+P28 -> 5320 | M28: 5200 | N28: 100 | P28: 20 | Q28: شاشة عرض رقمية 55" لمنطقة الانتظار (توريد) | R28: شاشة عرض 55 بوصة لمنطقة الانتظار
A29: 16.19.2 | B29: BRACKET 100% | C29: Each | D29: 6 | E29: =ROUNDUP(H29*$J$2,0) -> 985 | F29: =D29*E29 -> 5910 | G29: اللافتات الرقمية | H29: =K29 -> 985 | I29: Peerless-AV | K29: =L29+M29+N29+O29+P29 -> 985 | M29: 975 | N29: 5 | P29: 5 | Q29: حامل/قوس للشاشة 55" لمنطقة الانتظار | R29: حامل تثبيت للشاشة في منطقة الانتظار
A30: 16.19.3 | B30: OPERATIONAL DISPLAY 55" OD | C30: Each | D30: 2 | E30: =ROUNDUP(H30*$J$2,0) -> 4970 | F30: =D30*E30 -> 9940 | G30: اللافتات الرقمية | H30: =K30 -> 4970 | I30: Samsung | K30: =L30+M30+N30+O30+P30 -> 4970 | M30: 4850 | N30: 100 | P30: 20 | Q30: شاشة عرض تشغيلية 55" (توريد) | R30: شاشة تشغيل 55 بوصة للمناطق التشغيلية
A31: 16.19.4 | B31: BRACKET | C31: Each | D31: 2 | E31: =ROUNDUP(H31*$J$2,0) -> 985 | F31: =D31*E31 -> 1970 | G31: اللافتات الرقمية | H31: =K31 -> 985 | I31: Peerless-AV | K31: =L31+M31+N31+O31+P31 -> 985 | M31: 975 | N31: 5 | P31: 5 | Q31: حامل/قوس لشاشة العرض التشغيلية 55" | R31: حامل تثبيت لشاشة التشغيل
A32: 16.19.5 | B32: DIRECTORy LISTING SCREEN 55" | C32: Each | D32: 2 | E32: =ROUNDUP(H32*$J$2,0) -> 4770 | F32: =D32*E32 -> 9540 | G32: اللافتات الرقمية | H32: =K32 -> 4770 | I32: Samsung | K32: =L32+M32+N32+O32+P32 -> 4770 | M32: 4650 | N32: 100 | P32: 20 | Q32: شاشة دليل/قائمة 55" (توريد) | R32: شاشة عرض دليل الأقسام 55 بوصة
A33: 16.19.6 | B33: BRACKET | C33: Each | D33: 2 | E33: =ROUNDUP(H33*$J$2,0) -> 985 | F33: =D33*E33 -> 1970 | G33: اللافتات الرقمية | H33: =K33 -> 985 | I33: Peerless-AV | K33: =L33+M33+N33+O33+P33 -> 985 | M33: 975 | N33: 5 | P33: 5 | Q33: حامل/قوس لشاشة الدليل 55" | R33: حامل تثبيت لشاشة دليل الأقسام
A34: 16.19.7 | B34: Conduiting, Cable pulling of data and power socket, installation of Face plate for data outlet and power socket for COUNTER TOUCH SCREEN 13" | C34: Each | D34: 7 | E34: =ROUNDUP(H34*$J$2,0) -> 1005 | F34: =D34*E34 -> 7035 | G34: اللافتات الرقمية | H34: =K34 -> 1005 | I34: Samsung | K34: =L34+M34+N34+O34+P34 -> 1005 | M34: 800 | N34: 5 | P34: 200 | Q34: تمديد مواسير وكابلات سحب بيانات ومقبس طاقة، وتركيب لوحة وجه لمخرج البيانات ومقبس الطاقة لشاشة اللمس COUNTER 13" | R34: تمديد مواسير وسحب كابلات وتركيب فيش بيانات وكهرباء لشاشة الكاونتر 13 بوصة
A35: 16.19.8 | B35: DOCTOR TOUCH SCREEN 13" | C35: Each | D35: 31 | E35: =ROUNDUP(H35*$J$2,0) -> 2460 | F35: =D35*E35 -> 76260 | G35: اللافتات الرقمية | H35: =K35 -> 2460 | I35: Dell | K35: =L35+M35+N35+O35+P35 -> 2460 | M35: 2450 | N35: 5 | P35: 5 | Q35: شاشة لمس للطبيب 13" (توريد) | R35: شاشة لمس للطبيب 13 بوصة
A36: 16.19.9 | B36: STAFF SCREEN 55" | C36: Each | D36: 1 | E36: =ROUNDUP(H36*$J$2,0) -> 4970 | F36: =D36*E36 -> 4970 | G36: اللافتات الرقمية | H36: =K36 -> 4970 | I36: Samsung | K36: =L36+M36+N36+O36+P36 -> 4970 | M36: 4850 | N36: 100 | P36: 20 | Q36: شاشة موظف 55" (توريد) | R36: شاشة عرض 55 بوصة للموظفين
A37: 16.19.10 | B37: BRACKET | C37: Each | D37: 1 | E37: =ROUNDUP(H37*$J$2,0) -> 1000 | F37: =D37*E37 -> 1000 | G37: اللافتات الرقمية | H37: =K37 -> 1000 | I37: Samsung | K37: =L37+M37+N37+O37+P37 -> 1000 | M37: 975 | N37: 5 | P37: 20 | Q37: حامل/قوس لشاشة الموظف 55" | R37: حامل تثبيت لشاشة الموظفين
A38: 16.19.11 | B38: OPERTIONAL SCREEN 55" | C38: Each | D38: 1 | E38: =ROUNDUP(H38*$J$2,0) -> 4970 | F38: =D38*E38 -> 4970 | G38: اللافتات الرقمية | H38: =K38 -> 4970 | I38: Samsung | K38: =L38+M38+N38+O38+P38 -> 4970 | M38: 4850 | N38: 100 | P38: 20 | Q38: شاشة تشغيلية 55" (توريد) | R38: شاشة تشغيل 55 بوصة إضافية
A39: 16.19.12 | B39: BRACKET | C39: Each | D39: 1 | E39: =ROUNDUP(H39*$J$2,0) -> 985 | F39: =D39*E39 -> 985 | G39: اللافتات الرقمية | H39: =K39 -> 985 | I39: Samsung | K39: =L39+M39+N39+O39+P39 -> 985 | M39: 975 | N39: 5 | P39: 5 | Q39: حامل/قوس للشاشة التشغيلية 55" | R39: حامل تثبيت للشاشة التشغيلية
A40: 16.19.13 | B40: SOFTWARE | C40: LS | D40: 1 | E40: =ROUNDUP(H40*$J$2,0) -> 25000 | F40: =D40*E40 -> 25000 | G40: اللافتات الرقمية | H40: =K40 -> 25000 | I40: Scala / Samsung MagicINFO | K40: =L40+M40+N40+O40+P40 -> 25000 | M40: 25000 | Q40: برنامج نظام العرض الرقمي (ترخيص / سيرفر / CMS) | R40: برنامج إدارة المحتوى الرقمي للشاشات
A41: 16.19.14 | B41: Installation Charges | C41: LOT | D41: 1 | E41: =ROUNDUP(H41*$J$2,0) -> 15000 | F41: =D41*E41 -> 15000 | G41: اللافتات الرقمية | H41: =K41 -> 15000 | I41: System Integrator | K41: 15000 | Q41: رسوم تركيب نظام العرض الرقمي (قيمة شاملة) | R41: تكاليف التركيب والتوصيل الكامل للنظام
A43: 16.2 | B43: Access Control System | G43: نظام التحكم بالدخول Access Control
B44: Supply, installations, testing and commissioning of Access Control system work including cables, conduits, power supply + connections and all related complete accessories & work as per Drawing, Specification and Engineer Instructions.
A45: 16.20.1 | B45: 8/4 door number in control panel Reader inside metal box, with power source for doors and with battery - can be operated directly on computer without software | C45: Each | D45: 3 | E45: =ROUNDUP(H45*$J$2,0) -> 6150 | F45: =D45*E45 -> 18450 | G45: نظام تحكم بالدخول | H45: =K45 -> 6150 | I45: HID | K45: =L45+M45+N45+O45+P45 -> 6150 | M45: 5300 | N45: 50 | O45: 600 | P45: 200 | R45: HID / Lenel / Honeywell
A46: 16.20.2 | B46: Magnetic mechanical door lock tongue screw | C46: Each | D46: 5 | E46: =ROUNDUP(H46*$J$2,0) -> 2065 | F46: =D46*E46 -> 10325 | G46: نظام تحكم بالدخول | H46: =K46 -> 2065 | I46: ASSA ABLOY | K46: =L46+M46+N46+O46+P46 -> 2065 | M46: 1850 | N46: 5 | O46: 200 | P46: 10 | R46: HID / CDVI
A47: 16.20.3 | B47: 600lbs Small Magnetic Lock | C47: Each | D47: 5 | E47: =ROUNDUP(H47*$J$2,0) -> 1615 | F47: =D47*E47 -> 8075 | G47: نظام تحكم بالدخول | H47: =K47 -> 1615 | I47: ASSA ABLOY | K47: =L47+M47+N47+O47+P47 -> 1615 | M47: 1450 | N47: 5 | O47: 150 | P47: 10 | R47: HID / CDVI
A48: 16.20.4 | B48: Z&L lock kit for magnetic fixing in different directions | C48: Each | D48: 5 | E48: =ROUNDUP(H48*$J$2,0) -> 915 | F48: =D48*E48 -> 4575 | G48: نظام تحكم بالدخول | H48: =K48 -> 915 | I48: Adams Rite / ASSA ABLOY | K48: =L48+M48+N48+O48+P48 -> 915 | M48: 875 | N48: 5 | O48: 25 | P48: 10 | R48: HID / CDVI
A49: 16.20.5 | B49: OP90 PROXIMITY READER, VANDAL RESISTANT STAINLESS STEEL TYPICAL READ RANGE 2". OPTICAL TAMPER, HOST | C49: Each | D49: 4 | E49: =ROUNDUP(H49*$J$2,0) -> 1665 | F49: =D49*E49 -> 6660 | G49: نظام تحكم بالدخول | H49: =K49 -> 1665 | I49: HID | K49: =L49+M49+N49+O49+P49 -> 1665 | M49: 1500 | N49: 5 | O49: 150 | P49: 10 | R49: HID Global / STANLEY
A50: 16.20.6 | B50: OMNIProx Proximity Reader 9cm Reading Range HID Box Mounted, | C50: Each | D50: 5 | E50: =ROUNDUP(H50*$J$2,0) -> 1165 | F50: =D50*E50 -> 5825 | G50: نظام تحكم بالدخول | H50: =K50 -> 1165 | I50: HID | K50: =L50+M50+N50+O50+P50 -> 1165 | M50: 1000 | N50: 5 | O50: 150 | P50: 10 | R50: HID Global / STANLEY
A51: 16.20.7 | B51: Touchless exit button | C51: Each | D51: 4 | E51: =ROUNDUP(H51*$J$2,0) -> 495 | F51: =D51*E51 -> 1980 | G51: نظام تحكم بالدخول | H51: =K51 -> 495 | I51: HID / Honeywell | K51: =L51+M51+N51+O51+P51 -> 495 | M51: 430 | N51: 5 | O51: 50 | P51: 10 | R51: HID / Bosch
A52: 16.20.8 | B52: ALUMINIUM DOOR RELEASE BUTTON | C52: Each | D52: 3 | E52: =ROUNDUP(H52*$J$2,0) -> 420 | F52: =D52*E52 -> 1260 | G52: نظام تحكم بالدخول | H52: =K52 -> 420 | I52: HID / Generic | K52: =L52+M52+N52+O52+P52 -> 420 | M52: 370 | N52: 5 | O52: 35 | P52: 10 | R52: HID / Bosch
A53: 16.20.9 | B53: TESTING & commissioning | C53: Each | D53: 1 | E53: =ROUNDUP(H53*$J$2,0) -> 5000 | F53: =D53*E53 -> 5000 | G53: نظام تحكم بالدخول | H53: =K53 -> 5000 | I53: System Integrator | K53: 5000
A54: 16.20.10 | B54: Installation | C54: Lot | D54: 1 | E54: =ROUNDUP(H54*$J$2,0) -> 14000 | F54: =D54*E54 -> 14000 | G54: نظام تحكم بالدخول | H54: =K54 -> 14000 | I54: System Integrator | K54: 14000
H55: =K55 -> 0 | K55: =L55+M55+N55+O55+P55 -> 0
A56: 16.21 | B56: Fire Alarm System | G56: نظام إنذار الحريق FA
A57: 16.21.1 | B57: Addressable Optical Smoke Detector | C57: No | D57: 100 | E57: =ROUNDUP(H57*$J$2,0) -> 400 | F57: =D57*E57 -> 40000 | G57: إنذار حريق - كواشف | H57: =K57 -> 400 | I57: Johnson Controls / Zettler | K57: =L57+M57+N57+O57+P57 -> 400 | M57: 385 | N57: 5 | P57: 10 | R57: Johnson Controls / Zettler
A58: 16.21.2 | B58: Optical Smoke Detector With Led Indicator | C58: No | D58: 22 | E58: =ROUNDUP(H58*$J$2,0) -> 440 | F58: =D58*E58 -> 9680 | G58: إنذار حريق - كواشف | H58: =K58 -> 440 | I58: Honeywell Notifier | K58: =L58+M58+N58+O58+P58 -> 440 | M58: 425 | N58: 5 | P58: 10 | R58: Honeywell Notifier
A59: 16.21.3 | B59: Addressable Fixed Temperature Heat Detector | C59: No | D59: 15 | E59: =ROUNDUP(H59*$J$2,0) -> 480 | F59: =D59*E59 -> 7200 | G59: إنذار حريق - كواشف | H59: =K59 -> 480 | I59: Siemens Cerberus | K59: =L59+M59+N59+O59+P59 -> 480 | M59: 465 | N59: 5 | P59: 10 | R59: Siemens Cerberus
A60: 16.21.4 | B60: Addressable Duct Smoke Detector | C60: No | D60: 4 | E60: =ROUNDUP(H60*$J$2,0) -> 1865 | F60: =D60*E60 -> 7460 | G60: إنذار حريق - كواشف | H60: =K60 -> 1865 | I60: Bosch Fire | K60: =L60+M60+N60+O60+P60 -> 1865 | M60: 1850 | N60: 5 | P60: 10 | R60: Bosch Fire
A61: 16.21.5 | B61: Addressable Manual Call Point | C61: No | D61: 6 | E61: =ROUNDUP(H61*$J$2,0) -> 540 | F61: =D61*E61 -> 3240 | G61: إنذار حريق - كواشف | H61: =K61 -> 540 | I61: Johnson Controls / Zettler | K61: =L61+M61+N61+O61+P61 -> 540 | M61: 525 | N61: 5 | P61: 10 | R61: Johnson Controls / Zettler
A62: 16.21.6 | B62: Addressable Manual Call Point ( Weather Proof ) | C62: No | D62: 3 | E62: =ROUNDUP(H62*$J$2,0) -> 800 | F62: =D62*E62 -> 2400 | G62: إنذار حريق - كواشف | H62: =K62 -> 800 | I62: Johnson Controls / Zettler | K62: =L62+M62+N62+O62+P62 -> 800 | M62: 785 | N62: 5 | P62: 10 | R62: Johnson Controls / Zettler
A63: 16.21.7 | B63: Protective Hinged Cover ( Pack Of 10 ) | C63: No | D63: 1 | E63: =ROUNDUP(H63*$J$2,0) -> 500 | F63: =D63*E63 -> 500 | G63: إنذار حريق - كواشف | H63: =K63 -> 500 | I63: Generic / OEM | K63: =L63+M63+N63+O63+P63 -> 500 | M63: 485 | N63: 5 | P63: 10 | R63: Generic / OEM
A64: 16.21.8 | B64: Addressable Electronic Sounder With Flasher | C64: No | D64: 4 | E64: =ROUNDUP(H64*$J$2,0) -> 700 | F64: =D64*E64 -> 2800 | G64: إنذار حريق - كواشف | H64: =K64 -> 700 | I64: Honeywell Notifier | K64: =L64+M64+N64+O64+P64 -> 700 | M64: 685 | N64: 5 | P64: 10 | R64: Honeywell Notifier
A65: 16.21.9 | B65: Addressable Electronic Sounder With Flasher ( Weather Proof ) | C65: No | D65: 5 | E65: =ROUNDUP(H65*$J$2,0) -> 940 | F65: =D65*E65 -> 4700 | G65: إنذار حريق - كواشف | H65: =K65 -> 940 | I65: Honeywell Notifier | K65: =L65+M65+N65+O65+P65 -> 940 | M65: 925 | N65: 5 | P65: 10 | R65: Honeywell Notifier
A66: 16.21.10 | B66: Monitoring Module - Mc0m | C66: No | D66: 4 | E66: =ROUNDUP(H66*$J$2,0) -> 640 | F66: =D66*E66 -> 2560 | G66: إنذار حريق - كواشف | H66: =K66 -> 640 | I66: Johnson Controls / Zettler | K66: =L66+M66+N66+O66+P66 -> 640 | M66: 625 | N66: 5 | P66: 10 | R66: Johnson Controls / Zettler
A67: 16.21.11 | B67: Control Module 220v, Ac– Cmi0353 | C67: No | D67: 5 | E67: =ROUNDUP(H67*$J$2,0) -> 800 | F67: =D67*E67 -> 4000 | G67: إنذار حريق - كواشف | H67: =K67 -> 800 | I67: Johnson Controls / Zettler | K67: =L67+M67+N67+O67+P67 -> 800 | M67: 785 | N67: 5 | P67: 10 | R67: Johnson Controls / Zettler
A68: 16.21.12 | B68: Control Module 30v – Mcom | C68: No | D68: 25 | E68: =ROUNDUP(H68*$J$2,0) -> 900 | F68: =D68*E68 -> 22500 | G68: إنذار حريق - كواشف | H68: =K68 -> 900 | I68: Johnson Controls / Zettler | K68: =L68+M68+N68+O68+P68 -> 900 | M68: 885 | N68: 5 | P68: 10 | R68: Johnson Controls / Zettler
... A70: 16.21.14 | B70: Electronic Sounder | C70: No | D70: 6 | E70: =ROUNDUP(H70*$J$2,0) -> 500 | F70: =D70*E70 -> 3000 | G70: إنذار حريق - كواشف | H70: =K70 -> 500 | I70: Bosch Fire | K70: =L70+M70+N70+O70+P70 -> 500 | M70: 485 | N70: 5 | P70: 10 | R70: Bosch Fire
A71: 16.21.15 | B71: 4 Loop Fire Alarm Control Panel (Addressable) | C71: No | D71: 1 | E71: =ROUNDUP(H71*$J$2,0) -> 31005 | F71: =D71*E71 -> 31005 | G71: إنذار حريق - كواشف | H71: =K71 -> 31005 | I71: Honeywell Notifier | K71: =L71+M71+N71+O71+P71 -> 31005 | M71: 28500 | N71: 5 | O71: 2000 | P71: 500 | R71: Honeywell Notifier
A72: 16.21.16 | B72: Installation Of All Field Devices | C72: LS | D72: 1 | E72: =ROUNDUP(H72*$J$2,0) -> 17000 | F72: =D72*E72 -> 17000 | G72: إنذار حريق - كواشف | H72: =K72 -> 17000 | I72: System Integrator | K72: =L72+M72+N72+O72+P72 -> 17000 | M72: 17000 | R72: System Integrator
A73: 16.21.17 | B73: Testing And Commissioning And Graphics System Integrated With Existing System | C73: No | D73: 1 | E73: =ROUNDUP(H73*$J$2,0) -> 12000 | F73: =D73*E73 -> 12000 | G73: إنذار حريق - كواشف | H73: =K73 -> 12000 | I73: System Integrator | K73: =L73+M73+N73+O73+P73 -> 12000 | M73: 12000 | R73: System Integrator
A75: 16.22 | B75: Networking System | G75: شبكة الهاتف والبيانات T&D | Q75: الوصف واضح إنه لازم يتكامل مع الـ MDF الرئيسي. لو المستشفى بتستخدم Cisco أو Aruba، إنت لازم تشتري من نفس الماركة، وماركات عادية مش هتعمل Integration.
A76: 16.22.1 | B76: Catalyst 9300 48-port UPOE, Network Advantage | C76: EA | D76: 5 | E76: =ROUNDUP(H76*$J$2,0) -> 21100 | F76: =D76*E76 -> 105500 | G76: شبكة بيانات - DATA | H76: =K76 -> 21100 | I76: Cisco | K76: =L76+M76+N76+O76+P76 -> 21100 | M76: 19500 | N76: 100 | O76: 1000 | P76: 500 | Q76: سويتش رئيسي Layer 3 بقدرة UPOE
A77: 16.22.2 | B77: SNTC-8X5XNBD Catalyst 9300 48-port UPOE, Network Adva | C77: EA | D77: 5 | E77: =ROUNDUP(H77*$J$2,0) -> 3370 | F77: =D77*E77 -> 16850 | G77: شبكة بيانات - DATA | H77: =K77 -> 3370 | I77: Cisco | K77: =L77+M77+N77+O77+P77 -> 3370 | M77: 2850 | N77: 20 | O77: 300 | P77: 200 | Q77: ضمان وصيانة Cisco SmartNet
A78: 16.22.3 | B78: C9300 DNA Advantage, 48-Port Term Licenses | C78: EA | D78: 5 | E78: =ROUNDUP(H78*$J$2,0) -> 4555 | F78: =D78*E78 -> 22775 | G78: شبكة بيانات - DATA | H78: =K78 -> 4555 | I78: Cisco | K78: =L78+M78+N78+O78+P78 -> 4555 | M78: 4200 | N78: 5 | O78: 200 | P78: 150 | Q78: رخصة برمجية لإدارة الشبكة
A79: 16.22.4 | B79: C9300 DNA Advantage, 48-Port, 3 Year Term License | C79: EA | D79: 5 | E79: =ROUNDUP(H79*$J$2,0) -> 11755 | F79: =D79*E79 -> 58775 | G79: شبكة بيانات - DATA | H79: =K79 -> 11755 | I79: Cisco | K79: =L79+M79+N79+O79+P79 -> 11755 | M79: 11250 | N79: 5 | O79: 300 | P79: 200 | Q79: رخصة 3 سنوات للتحكم الذكي
A80: 16.22.5 | B80: Cisco DNA Spaces Extend Term License for Catalyst Switches | C80: EA | D80: 5 | E80: =ROUNDUP(H80*$J$2,0) -> 2155 | F80: =D80*E80 -> 10775 | G80: شبكة بيانات - DATA | H80: =K80 -> 2155 | I80: Cisco | K80: =L80+M80+N80+O80+P80 -> 2155 | M80: 1800 | N80: 5 | O80: 200 | P80: 150 | Q80: خدمة تتبع وتحليل الشبكة
A81: 16.22.6 | B81: Cisco DNA Spaces Extend for Catalyst Switching - 3Year | C81: EA | D81: 5 | E81: =ROUNDUP(H81*$J$2,0) -> 5505 | F81: =D81*E81 -> 27525 | G81: شبكة بيانات - DATA | H81: =K81 -> 5505 | I81: Cisco | K81: =L81+M81+N81+O81+P81 -> 5505 | M81: 5000 | N81: 5 | O81: 300 | P81: 200 | Q81: رخصة 3 سنوات للتحليلات
A82: 16.22.7 | B82: Cisco ThousandEyes Enterprise Agent IBN Embedded | C82: EA | D82: 5 | E82: =ROUNDUP(H82*$J$2,0) -> 3555 | F82: =D82*E82 -> 17775 | G82: شبكة بيانات - DATA | H82: =K82 -> 3555 | I82: Cisco | K82: =L82+M82+N82+O82+P82 -> 3555 | M82: 3200 | N82: 5 | O82: 200 | P82: 150 | Q82: مراقبة أداء الشبكة داخلي
A83: 16.22.8 | B83: ThousandEyes - Enterprise Agents | C83: EA | D83: 5 | E83: =ROUNDUP(H83*$J$2,0) -> 3555 | F83: =D83*E83 -> 17775 | G83: شبكة بيانات - DATA | H83: =K83 -> 3555 | I83: Cisco | K83: =L83+M83+N83+O83+P83 -> 3555 | M83: 3200 | N83: 5 | O83: 200 | P83: 150 | Q83: مراقبة خارجية للشبكة
A84: 16.22.9 | B84: C9300 Network Advantage, 48-port license | C84: EA | D84: 5 | E84: =ROUNDUP(H84*$J$2,0) -> 4205 | F84: =D84*E84 -> 21025 | G84: شبكة بيانات - DATA | H84: =K84 -> 4205 | I84: Cisco | K84: =L84+M84+N84+O84+P84 -> 4205 | M84: 3850 | N84: 5 | O84: 200 | P84: 150 | Q84: رخصة تشغيل متقدمة
A85: 16.22.10 | B85: Cisco Catalyst 9300 XE 17.12 UNIVERSAL | C85: EA | D85: 5 | E85: =ROUNDUP(H85*$J$2,0) -> 2055 | F85: =D85*E85 -> 10275 | G85: شبكة بيانات - DATA | H85: =K85 -> 2055 | I85: Cisco | K85: =L85+M85+N85+O85+P85 -> 2055 | M85: 1800 | N85: 5 | O85: 150 | P85: 100 | Q85: نظام تشغيل IOS XE
A86: 16.22.11 | B86: 1100W AC 80+ platinum Config 1 Power Supply | C86: EA | D86: 5 | E86: =ROUNDUP(H86*$J$2,0) -> 3205 | F86: =D86*E86 -> 16025 | G86: شبكة بيانات - DATA | H86: =K86 -> 3205 | I86: Cisco | K86: =L86+M86+N86+O86+P86 -> 3205 | M86: 2850 | N86: 5 | O86: 200 | P86: 150 | Q86: وحدة طاقة رئيسية
A87: 16.22.12 | B87: 1100W AC 80+ platinum Config 1 Secondary Power Supply | C87: EA | D87: 5 | E87: =ROUNDUP(H87*$J$2,0) -> 3205 | F87: =D87*E87 -> 16025 | G87: شبكة بيانات - DATA | H87: =K87 -> 3205 | I87: Cisco | K87: =L87+M87+N87+O87+P87 -> 3205 | M87: 2850 | N87: 5 | O87: 200 | P87: 150 | Q87: وحدة طاقة إضافية
A88: 16.22.13 | B88: United Kingdom AC Type A Power Cable | C88: EA | D88: 10 | E88: =ROUNDUP(H88*$J$2,0) -> 200 | F88: =D88*E88 -> 2000 | G88: شبكة بيانات - DATA | H88: =K88 -> 200 | I88: Cisco | K88: =L88+M88+N88+O88+P88 -> 200 | M88: 180 | N88: 5 | O88: 10 | P88: 5 | Q88: كابلات طاقة
A89: 16.22.14 | B89: No SSD Card Selected | C89: EA | D89: 5 | E89: =ROUNDUP(H89*$J$2,0) -> 0 | F89: =D89*E89 -> 0 | G89: شبكة بيانات - DATA | H89: =K89 -> 0 | I89: Cisco | K89: =L89+M89+N89+O89+P89 -> 0 | M89: 0 | O89: 0 | P89: 0 | Q89: لم يتم اختيار SSD
A90: 16.22.15 | B90: 50CM Type 1 Stacking Cable | C90: EA | D90: 5 | E90: =ROUNDUP(H90*$J$2,0) -> 535 | F90: =D90*E90 -> 2675 | G90: شبكة بيانات - DATA | H90: =K90 -> 535 | I90: Cisco | K90: =L90+M90+N90+O90+P90 -> 535 | M90: 450 | N90: 5 | O90: 30 | P90: 50 | Q90: كابل ربط السويتشات
A91: 16.22.16 | B91: Catalyst Stack Power Cable 30 CM | C91: EA | D91: 5 | E91: =ROUNDUP(H91*$J$2,0) -> 445 | F91: =D91*E91 -> 2225 | G91: شبكة بيانات - DATA | H91: =K91 -> 445 | I91: Cisco | K91: =L91+M91+N91+O91+P91 -> 445 | M91: 400 | N91: 5 | O91: 30 | P91: 10 | Q91: كابل طاقة للتكديس
A92: 16.22.17 | B92: TE agent for IOSXE on C9K | C92: EA | D92: 5 | E92: =ROUNDUP(H92*$J$2,0) -> 1945 | F92: =D92*E92 -> 9725 | G92: شبكة بيانات - DATA | H92: =K92 -> 1945 | I92: Cisco | K92: =L92+M92+N92+O92+P92 -> 1945 | M92: 1900 | N92: 5 | O92: 30 | P92: 10 | Q92: وكيل مراقبة مدمج في IOSXE
A93: 16.22.18 | B93: RUBBER FEET FOR TABLE TOP SETUP 9200 and 9300 | C93: EA | D93: 5 | E93: =ROUNDUP(H93*$J$2,0) -> 205 | F93: =D93*E93 -> 1025 | G93: شبكة بيانات - DATA | H93: =K93 -> 205 | I93: Cisco | K93: =L93+M93+N93+O93+P93 -> 205 | M93: 185 | N93: 5 | O93: 10 | P93: 5 | Q93: أقدام مطاطية لتثبيت السويتش على الطاولة
A94: 16.22.19 | B94: 12-24 and 10-32 SCREWS FOR RACK INSTALLATION, QTY 4 | C94: EA | D94: 5 | E94: =ROUNDUP(H94*$J$2,0) -> 55 | F94: =D94*E94 -> 275 | G94: شبكة بيانات - DATA | H94: =K94 -> 55 | I94: Cisco | K94: =L94+M94+N94+O94+P94 -> 55 | M94: 30 | N94: 5 | O94: 10 | P94: 10 | Q94: مسامير تثبيت في الراك
A95: 16.22.20 | B95: 1RU CABLE MANAGEMENT GUIDES 9200 and 9300 | C95: EA | D95: 5 | E95: =ROUNDUP(H95*$J$2,0) -> 370 | F95: =D95*E95 -> 1850 | G95: شبكة بيانات - DATA | H95: =K95 -> 370 | I95: Cisco | K95: =L95+M95+N95+O95+P95 -> 370 | M95: 285 | N95: 5 | O95: 30 | P95: 50 | Q95: منظم كابلات أفقي 1U
A96: 16.22.21 | B96: Catalyst 9300 8 x 10GE Network Module | C96: EA | D96: 5 | E96: =ROUNDUP(H96*$J$2,0) -> 3605 | F96: =D96*E96 -> 18025 | G96: شبكة بيانات - DATA | H96: =K96 -> 3605 | I96: Cisco | K96: =L96+M96+N96+O96+P96 -> 3605 | M96: 3100 | N96: 5 | O96: 200 | P96: 300 | Q96: وحدة توسعة منافذ 10G
A97: 16.22.22 | B97: Network Plug-n-Play Connect for zero- touch device deployment | C97: EA | D97: 5 | E97: =ROUNDUP(H97*$J$2,0) -> 1465 | F97: =D97*E97 -> 7325 | G97: شبكة بيانات - DATA | H97: =K97 -> 1465 | I97: Cisco | K97: =L97+M97+N97+O97+P97 -> 1465 | M97: 1250 | N97: 5 | O97: 200 | P97: 10 | Q97: نظام إعداد تلقائي للأجهزة
A98: 16.22.23 | B98: LANscape® Fibre Housing loaded with LC Duplex shuttered adapters and pigtails, 24 Fibres, 1U, Multim | C98: EA | D98: 12 | E98: =ROUNDUP(H98*$J$2,0) -> 1805 | F98: =D98*E98 -> 21660 | G98: شبكة بيانات - DATA | H98: =K98 -> 1805 | I98: Corning | K98: =L98+M98+N98+O98+P98 -> 1805 | M98: 1300 | N98: 5 | O98: 300 | P98: 200 | Q98: وحدة توزيع ألياف LC Duplex
A99: 16.22.24 | B99: Central Tube Indoor/Outdoor Dielectric Armor Cable (1x24) G50 MMF ClearCurve® OM3 CT 3,0 | C99: EA | D99: 2000 | E99: =ROUNDUP(H99*$J$2,0) -> 25 | F99: =D99*E99 -> 50000 | G99: شبكة بيانات - DATA | H99: =K99 -> 25 | I99: Corning | K99: =L99+M99+N99+O99+P99 -> 25 | M99: 18 | N99: 2 | O99: 3 | P99: 2 | Q99: كابل ألياف ضوئية داخلي/خارجي
A100: 16.22.25 | B100: 42U 800 X 800 front glass door and rear perforated door with Vertical Cable managers and accessories (1 Per Cabinet) 4 columns, 2 pairs of 19" vertical extrusions (1 Per Cabinet) top and bottom cover, 4 holders of vertical extrusions (1 Per Cabinet) Glass front door and rear vertically divided perforated door - 86% (1 Per Cabinet) 2 side panels,2 holders of vertical extrusions (1 Per Cabinet) Ventilation unit, 4 fans, without thermostat, 448m3/h (for up to 760W at ΔT=5K), for top or bottom installation to the racks depth 600mm,800 and 1200mm (1 Per Cabinet) Vertical Manager (Rack) with three section removeable cover, 41 fingers, front only, (HxWxD) 42Ux100x112mm, 10 velcro ties (2 Per Cabinet) High load castor - 1 piece (2 Per Cabinet) Lockable high load castor - 1 piece (2 Per Cabinet) 19"/1U Basic PDU, 6-way socket panel - UK type, switch (2 Per Cabinet) | C100: EA | D100: 1 | E100: =ROUNDUP(H100*$J$2,0) -> 7100 | F100: =D100*E100 -> 7100 | G100: شبكة بيانات - DATA | H100: =K100 -> 7100 | I100: Legrand | K100: =L100+M100+N100+O100+P100 -> 7100 | M100: 5500 | N100: 100 | O100: 1000 | P100: 500 | Q100: كابينة سيرفر كاملة
A101: 16.22.26 | B101: DDP Charges | C101: EA | D101: 1 | E101: =ROUNDUP(H101*$J$2,0) -> 3050 | F101: =D101*E101 -> 3050 | G101: شبكة بيانات - DATA | H101: =K101 -> 3050 | I101: Shipping | K101: =L101+M101+N101+O101+P101 -> 3050 | M101: 3000 | N101: 50 | O101: 0 | P101: 0 | Q101: رسوم الشحن والتخليص
... A107: 16.22.32 | B107: Cisco, Smartnet Warranty UC Phone 7811SNTC 8X5XNBD 1 Year | C107: EA | D107: 60 | E107: =ROUNDUP(H107*$J$2,0) -> 255 | F107: =D107*E107 -> 15300 | G107: شبكة بيانات - DATA | H107: =K107 -> 255 | I107: Cisco | K107: =L107+M107+N107+O107+P107 -> 255 | M107: 200 | N107: 5 | O107: 30 | P107: 20 | Q107: ضمان وصيانة للهاتف
A108: 16.22.33 | B108: Professional Services: C9300 48_UPOE (Switch) UC Phone 7811 Configuration of above items as per customer requirement Rack with PDU, Patch panel and accessories Installation at server room Cat6a cable Tracing, Dressing and testing Cat6a cable Termination at Rack side & User end Ceiling panel removal and placement during cable Cable termination in ceiling with PVC box and faceplate for the devices (camera, clock, Wi-Fi) points Labeling at User end & Patch panel and at patch cord Patching between panel & Cisco switch 480 Fiber Splicing and patching with switches OTDR test : 01 Lot and Fluke Test Report Network Intelligence build Testing, Commissioning, User Training & documentation | C108: EA | D108: 1 | E108: =ROUNDUP(H108*$J$2,0) -> 20200 | F108: =D108*E108 -> 20200 | G108: شبكة بيانات - DATA | H108: =K108 -> 20200 | K108: =L108+M108+N108+O108+P108 -> 20200 | M108: 20000 | N108: 200 | O108: 0 | P108: 0 | Q108: تركيب، اختبار، تدريب، توثيق
A110: 15.22 | B110: BMS SYSTEM
A111: 15.22-1 | B111: Supply and Install complete Building Management and Control System ( BMS ), to control all the electrical and mechanical system , and equipment and its accessories in addition to a complete shop drawing for the whole system. | C111: Lot | D111: 1 | E111: =ROUNDUP(H111*$J$2,0) -> 353000 | F111: =D111*E111 -> 353000 | G111: BMS | H111: =K111 -> 353000 | I111: Johnson Controls | K111: =L111+M111+N111+O111+P111 -> 353000 | L111: 0 | M111: 295000 | N111: 5400 | O111: 40000 | P111: 12600 | R111: Johnson Controls / Siemens / Honeywell
A115: Total for LC Works in SAR | F115: =SUM(F4:F108) -> 1231063

Sheet Low Current-missing
A2: Low Current | J2: 1
A3: Item No. | B3: Description | C3: Unit | D3: Qty | E3: Unit Price (SR) | F3: Amount ( SR ) | G3: العام | H3: Best | I3: Supplier | J3: O&P% | K3: Dry (O) | L3: OUTLET (P) | M3: Supply (Q) | N3: Wastage (R) | O3: Install (S) | P3: Access (T) | Q3: ملاحظات | R3: الموردون
A5: 16.18 | B5: MATV SYSTEM : | G5: نظام MATV
B6: Supply, installations, testing and commissioning of MATV systems work including cables, conduits, power supply + connections and all related complete accessories & work as per Drawing, Specification and Engineer Instructions.
A7: 16.18-1 | B7: MATV Points (Conduing with Accessories) | C7: Lm | D7: 850 | E7: =ROUNDUP(H7*$J$2,0) -> 19 | F7: =D7*E7 -> 16150 | G7: نظام MATV | H7: =K7 -> 19 | I7: Generic / Local | K7: =L7+M7+N7+O7+P7 -> 19 | M7: 15 | N7: 1 | P7: 3
A8: 16.18-2 | B8: MATV Cables | C8: Lm | D8: 1200 | E8: =ROUNDUP(H8*$J$2,0) -> 19 | F8: =D8*E8 -> 22800 | G8: نظام MATV | H8: =K8 -> 19 | I8: Generic / Local | K8: =L8+M8+N8+O8+P8 -> 19 | M8: 15 | N8: 1 | P8: 3
A9: 16.18-3 | B9: RF Amplifier | C9: No | D9: 2 | E9: =ROUNDUP(H9*$J$2,0) -> 1970 | F9: =D9*E9 -> 3940 | G9: نظام MATV | H9: =K9 -> 1970 | I9: Generic | K9: =L9+M9+N9+O9+P9 -> 1970 | M9: 1900 | N9: 20 | P9: 50
A10: 16.18-4 | B10: 1 into 8 RF splitter | C10: No | D10: 2 | E10: =ROUNDUP(H10*$J$2,0) -> 305 | F10: =D10*E10 -> 610 | G10: نظام MATV | H10: =K10 -> 305 | I10: Generic | K10: =L10+M10+N10+O10+P10 -> 305 | M10: 285 | N10: 5 | P10: 15
A11: 16.18-5 | B11: TV outlet for RF | C11: No | D11: 10 | E11: =ROUNDUP(H11*$J$2,0) -> 140 | F11: =D11*E11 -> 1400 | G11: نظام MATV | H11: =K11 -> 140 | I11: Generic | K11: =L11+M11+N11+O11+P11 -> 140 | M11: 125 | N11: 5 | P11: 10
A12: 16.18-6 | B12: Power Supply for Amplifier | C12: No. | D12: 2 | E12: =ROUNDUP(H12*$J$2,0) -> 493 | F12: =D12*E12 -> 986 | G12: نظام MATV | H12: =K12 -> 493 | I12: Generic | K12: =L12+M12+N12+O12+P12 -> 493 | M12: 485 | N12: 5 | P12: 3
A13: 16.18-7 | B13: Samsung , 50 inch , Smart screen | C13: No. | D13: 4 | E13: =ROUNDUP(H13*$J$2,0) -> 2210 | F13: =D13*E13 -> 8840 | G13: نظام MATV | H13: =K13 -> 2210 | I13: Samsung | K13: =L13+M13+N13+O13+P13 -> 2210 | M13: 2100 | N13: 100 | P13: 10
A14: 16.18-8 | B14: Samsung , 70 inch , Smart Screen | C14: No. | D14: 2 | E14: =ROUNDUP(H14*$J$2,0) -> 2710 | F14: =D14*E14 -> 5420 | G14: نظام MATV | H14: =K14 -> 2710 | I14: Samsung | K14: =L14+M14+N14+O14+P14 -> 2710 | M14: 2500 | N14: 200 | P14: 10
A15: 16.18-9 | B15: Testing & Commissioning | C15: LS | D15: 1 | E15: =ROUNDUP(H15*$J$2,0) -> 5000 | F15: =D15*E15 -> 5000 | G15: نظام MATV | H15: =K15 -> 5000 | I15: System Integrator | K15: =L15+M15+N15+O15+P15 -> 5000 | M15: 5000
A17: 16.19 | B17: SECURITY / CCTV SYSTEM : | G17: نظام SECURITY / CCTV SYSTEM
B18: Supply, installations, testing and commissioning of CCTV systems work including cables, conduits, power supply + connections and licences with surveillance software, storage server and poe switches and all related complete accessories & work as per Drawing, Specification and Engineer Instructions.
A19: 16.19-1 | B19: CCTV Points (Conduing with Accessories) | C19: Lm | D19: 560 | E19: =ROUNDUP(H19*$J$2,0) -> 19 | F19: =D19*E19 -> 10640 | G19: نظام CCTV SYSTEM | H19: =K19 -> 19 | I19: Generic / Local | K19: =L19+M19+N19+O19+P19 -> 19 | M19: 15 | N19: 1 | P19: 3
A20: 16.19-2 | B20: CCTV CAT6A Cables | C20: Lm | D20: 800 | E20: =ROUNDUP(H20*$J$2,0) -> 19 | F20: =D20*E20 -> 15200 | G20: نظام CCTV SYSTEM | H20: =K20 -> 19 | I20: Generic / Local | K20: =L20+M20+N20+O20+P20 -> 19 | M20: 15 | N20: 1 | P20: 3
A21: 16.19-3 | B21: Dome Camera (FIXED) | C21: No | D21: 8 | E21: =ROUNDUP(H21*$J$2,0) -> 703 | F21: =D21*E21 -> 5624 | G21: نظام CCTV SYSTEM | H21: =K21 -> 703 | I21: Hikvision / Dahua | K21: =L21+M21+N21+O21+P21 -> 703 | M21: 685 | N21: 10 | P21: 8
A22: 16.19-4 | B22: Bullet Camera (FIXED) | C22: No | D22: 4 | E22: =ROUNDUP(H22*$J$2,0) -> 613 | F22: =D22*E22 -> 2452 | G22: نظام CCTV SYSTEM | H22: =K22 -> 613 | I22: Hikvision / Dahua | K22: =L22+M22+N22+O22+P22 -> 613 | M22: 595 | N22: 10 | P22: 8
A23: 16.19-5 | B23: WorkStation | C23: No | D23: 1 | E23: =ROUNDUP(H23*$J$2,0) -> 4700 | F23: =D23*E23 -> 4700 | G23: نظام CCTV SYSTEM | H23: =K23 -> 4700 | I23: Dell / HP | K23: =L23+M23+N23+O23+P23 -> 4700 | M23: 4500 | N23: 100 | P23: 100
A24: 16.19-6 | B24: NVR with license | C24: No | D24: 1 | E24: =ROUNDUP(H24*$J$2,0) -> 4000 | F24: =D24*E24 -> 4000 | G24: نظام CCTV SYSTEM | H24: =K24 -> 4000 | I24: Hikvision / Dahua | K24: =L24+M24+N24+O24+P24 -> 4000 | M24: 3850 | N24: 50 | P24: 100
A25: 16.19-7 | B25: Cabinet | C25: No | D25: 1 | E25: =ROUNDUP(H25*$J$2,0) -> 3267 | F25: =D25*E25 -> 3267 | G25: نظام CCTV SYSTEM | H25: =K25 -> 3267 | I25: FINOSEL / Generic | K25: =L25+M25+N25+O25+P25 -> 3267 | L25: 317 | M25: 2850 | N25: 50 | P25: 50
A26: 16.19-8 | B26: Hard Disk with miniumum 3 months backup | C26: LS | D26: 1 | E26: =ROUNDUP(H26*$J$2,0) -> 2310 | F26: =D26*E26 -> 2310 | G26: نظام CCTV SYSTEM | H26: =K26 -> 2310 | I26: Seagate / WD | K26: =L26+M26+N26+O26+P26 -> 2310 | M26: 2200 | N26: 100 | P26: 10
A27: 16.19-9 | B27: Configuration, Testing & Commissioning | C27: LS | D27: 1 | E27: =ROUNDUP(H27*$J$2,0) -> 5700 | F27: =D27*E27 -> 5700 | G27: نظام CCTV SYSTEM | H27: =K27 -> 5700 | I27: System Integrator | K27: =L27+M27+N27+O27+P27 -> 5700 | M27: 5500 | N27: 200
G28: نظام CCTV SYSTEM | H28: =K28 -> 0 | K28: =L28+M28+N28+O28+P28 -> 0
A29: 16.18 | B29: MASTER CLOCK SYSTEM : | G29: MASTER CLOCK SYSTEM
B30: Supply, installations, testing and commissioning of Master clock system work including cables, conduits, power supply + connections, poe switches and all related complete accessories & work as per Drawing, Specification and Engineer Instructions. | Q30: يشمل NTP Server و GPS Antenna. ملاحظة: الـ IT بتاع المستشفى مش هيخليك توصل NTP Server على شبكتهم بسهولة، ده هيحتاج أمن سيبراني وتصريحات.
A31: 16.20-1 | B31: Clock Points (Conduing with Accessories) | C31: Lm | D31: 650 | E31: =ROUNDUP(H31*$J$2,0) -> 19 | F31: =D31*E31 -> 12350 | G31: شبكة MATV | H31: =K31 -> 19 | K31: =L31+M31+N31+O31+P31 -> 19 | M31: 15 | N31: 1 | P31: 3
A32: 16.20-2 | B32: Clock System CATA6A Cables | C32: Lm | D32: 1100 | E32: =ROUNDUP(H32*$J$2,0) -> 7 | F32: =D32*E32 -> 7700 | G32: شبكة MATV | H32: =K32 -> 6.5 | K32: =L32+M32+N32+O32+P32 -> 6.5 | M32: 4 | N32: 2 | P32: 0.5
A33: 16.20-3 | B33: Single side digital Clock | C33: No | D33: 8 | E33: =ROUNDUP(H33*$J$2,0) -> 2235 | F33: =D33*E33 -> 17880 | G33: شبكة MATV | H33: =K33 -> 2235 | I33: Sapling | K33: =L33+M33+N33+O33+P33 -> 2235 | M33: 2200 | N33: 20 | P33: 15 | Q33: ساعة رقمية صناعية/حائطية بحجم عرض تجاري (سوق السعودية 2026).
A34: 16.20-4 | B34: Double side digital Clock | C34: No | D34: 8 | E34: =ROUNDUP(H34*$J$2,0) -> 3535 | F34: =D34*E34 -> 28280 | G34: شبكة MATV | H34: =K34 -> 3535 | I34: Sapling | K34: =L34+M34+N34+O34+P34 -> 3535 | M34: 3500 | N34: 20 | P34: 15 | Q34: ساعة رقمية مزدوجة الوجه
A35: 16.20-5 | B35: GPS Antenna | C35: No | D35: 1 | E35: =ROUNDUP(H35*$J$2,0) -> 4535 | F35: =D35*E35 -> 4535 | G35: شبكة MATV | H35: =K35 -> 4535 | I35: Sapling | K35: =L35+M35+N35+O35+P35 -> 4535 | M35: 4500 | N35: 20 | P35: 15 | Q35: أنتين توقيت/GPS تجاري مناسب لأنظمة التزامن؛
A36: 16.20-6 | B36: Configuration, Testing & Commissioning | C36: LS | D36: 1 | E36: =ROUNDUP(H36*$J$2,0) -> 8300 | F36: =D36*E36 -> 8300 | G36: شبكة MATV | H36: =K36 -> 8300 | I36: System Integrator | K36: =L36+M36+N36+O36+P36 -> 8300 | M36: 8000 | N36: 200 | P36: 100
G37: نظام CCTV SYSTEM | H37: =K37 -> 0 | K37: =L37+M37+N37+O37+P37 -> 0
A39: 16.19 | B39: DIGITAL SIGNAGE SYSTEM : | G39: نظام اللافتات الرقمية Digital Signage
B40: Supply, installations, testing and commissioning of Digital signage system work including cables, conduits, power supply + connections, poe switches and all related complete accessories & work as per Drawing, Specification and Engineer Instructions.
A41: 16.21-1 | B41: D.S. Points (Conduing with Accessories) | C41: Lm | D41: 2300 | E41: =ROUNDUP(H41*$J$2,0) -> 19 | F41: =D41*E41 -> 43700 | G41: اللافتات الرقمية | H41: =K41 -> 19 | I41: Samsung | K41: =L41+M41+N41+O41+P41 -> 19 | M41: 15 | N41: 1 | P41: 3
A42: 16.21-2 | B42: D.S CAT6A Cables | C42: Lm | D42: 3900 | E42: =ROUNDUP(H42*$J$2,0) -> 7 | F42: =D42*E42 -> 27300 | G42: اللافتات الرقمية | H42: =K42 -> 6.5 | I42: Samsung | K42: =L42+M42+N42+O42+P42 -> 6.5 | M42: 4 | N42: 2 | P42: 0.5
A43: 16.21-3 | B43: Samsung DB10DDigital Signage with Embbeded | C43: No | D43: 30 | E43: =ROUNDUP(H43*$J$2,0) -> 1460 | F43: =D43*E43 -> 43800 | G43: نظام Digital Signage | H43: =K43 -> 1460 | I43: Samsung | K43: =L43+M43+N43+O43+P43 -> 1460 | M43: 1400 | N43: 50 | P43: 10
A44: 16.21-4 | B44: Bracket wall mount Kit | C44: No | D44: 30 | E44: =ROUNDUP(H44*$J$2,0) -> 190 | F44: =D44*E44 -> 5700 | G44: نظام Digital Signage | H44: =K44 -> 190 | I44: Peerless-AV / Generic | K44: =L44+M44+N44+O44+P44 -> 190 | M44: 185 | N44: 5
A45: 16.21-5 | B45: Samsung MagicInfo Server License for S Player | C45: No | D45: 1 | E45: =ROUNDUP(H45*$J$2,0) -> 1895 | F45: =D45*E45 -> 1895 | G45: نظام Digital Signage | H45: =K45 -> 1895 | I45: Samsung | K45: =L45+M45+N45+O45+P45 -> 1895 | M45: 1850 | N45: 40 | P45: 5
A46: 16.21-6 | B46: Digital signage management software License / FREE | C46: No | D46: 1 | E46: =ROUNDUP(H46*$J$2,0) -> 0 | F46: =D46*E46 -> 0 | G46: نظام Digital Signage | H46: =K46 -> 0 | K46: =L46+M46+N46+O46+P46 -> 0
A47: 16.21-7 | B47: Samsung MagicInfo Server License for Author / Free | C47: No | D47: 1 | E47: =ROUNDUP(H47*$J$2,0) -> 0 | F47: =D47*E47 -> 0 | G47: نظام Digital Signage | H47: =K47 -> 0 | K47: =L47+M47+N47+O47+P47 -> 0
A48: 16.21-8 | B48: Core i5 4th Generation computer for managemant software with 4 GB Ram .2TB HD. Keyborad and mouse | C48: No | D48: 1 | E48: =ROUNDUP(H48*$J$2,0) -> 2950 | F48: =D48*E48 -> 2950 | G48: نظام Digital Signage | H48: =K48 -> 2950 | I48: Dell / HP | K48: =L48+M48+N48+O48+P48 -> 2950 | M48: 2850 | N48: 50 | P48: 50
A49: 16.21-9 | B49: Configuration , Testing & Commissioning | C49: LS | D49: 1 | E49: =ROUNDUP(H49*$J$2,0) -> 6500 | F49: =D49*E49 -> 6500 | G49: نظام Digital Signage | H49: =K49 -> 6500 | I49: System Integrator | K49: =L49+M49+N49+O49+P49 -> 6500 | M49: 6500
A51: 16.22 | B51: NURSE CALL SYSTEM : (Scope of work To Be Checked with Design Team.) | G51: نظام NURSE CALL SYSTEM
B52: Supply, installations, testing and commissioning of Nurse call system work including cables, conduits, power supply + connections and all related complete accessories & work as per Drawing, Specification and Engineer Instructions.
A53: 16.22-1 | B53: Nurse Call Points (Conduing with Accessories) | C53: LM | D53: 100 | E53: =ROUNDUP(H53*$J$2,0) -> 19 | F53: =D53*E53 -> 1900 | G53: نظام NURSE CALL SYSTEM | H53: =K53 -> 19 | I53: Generic / Local | K53: =L53+M53+N53+O53+P53 -> 19 | M53: 15 | N53: 1 | P53: 3
A54: 16.22-2 | B54: Nurse Call System Cables as required | C54: Lm | D54: 100 | E54: =ROUNDUP(H54*$J$2,0) -> 28 | F54: =D54*E54 -> 2800 | G54: نظام NURSE CALL SYSTEM | H54: =K54 -> 28 | I54: Generic | K54: =L54+M54+N54+O54+P54 -> 28 | M54: 26 | N54: 1 | P54: 1
A55: 16.22-3 | B55: Nurse call equipemnt, devices, configuration, testing & commissioning | C55: Ls | D55: 1 | E55: =ROUNDUP(H55*$J$2,0) -> 20000 | F55: =D55*E55 -> 20000 | G55: نظام NURSE CALL SYSTEM | H55: =K55 -> 20000 | I55: System Integrator | K55: =L55+M55+N55+O55+P55 -> 20000 | M55: 20000
A57: 16.23 | B57: TELEPHONE & DATA SYSTEM | G57: نظام TELEPHONE & DATA SYSTEM
B58: Supply, installations, testing and commissioning of Telephone & Data system work including cables, conduits, power supply + connections, IPPBX, voice mail server, unified call manager, voice recording and all related complete accessories & work as per Drawing, Specification and Engineer Instructions.
A59: 16.23-1 | B59: T.D. Points (Conduing with Accessories) | C59: Lm | D59: 7000 | E59: =ROUNDUP(H59*$J$2,0) -> 19 | F59: =D59*E59 -> 133000 | G59: نظام TELEPHONE & DATA SYSTEM | H59: =K59 -> 19 | I59: Generic / Local | K59: =L59+M59+N59+O59+P59 -> 19 | M59: 15 | N59: 1 | P59: 3
A60: 16.23-2 | B60: T.D CAT6A Cables | C60: Lm | D60: 12000 | E60: =ROUNDUP(H60*$J$2,0) -> 19 | F60: =D60*E60 -> 228000 | G60: نظام TELEPHONE & DATA SYSTEM | H60: =K60 -> 19 | I60: Commscope / Legrand | K60: =L60+M60+N60+O60+P60 -> 19 | M60: 15 | N60: 1 | P60: 3
A61: 16.23-3 | B61: Computer outlet | C61: No | D61: 70 | E61: =ROUNDUP(H61*$J$2,0) -> 125 | F61: =D61*E61 -> 8750 | G61: نظام TELEPHONE & DATA SYSTEM | H61: =K61 -> 125 | I61: Legrand / Commscope | K61: =L61+M61+N61+O61+P61 -> 125 | M61: 125
A62: 16.23-4 | B62: Telephone outlet | C62: No | D62: 50 | E62: =ROUNDUP(H62*$J$2,0) -> 95 | F62: =D62*E62 -> 4750 | G62: نظام TELEPHONE & DATA SYSTEM | H62: =K62 -> 95 | I62: Legrand / Generic | K62: =L62+M62+N62+O62+P62 -> 95 | M62: 95
A63: 16.23-5 | B63: Wireless Access | C63: No | D63: 15 | E63: =ROUNDUP(H63*$J$2,0) -> 1915 | F63: =D63*E63 -> 28725 | G63: نظام TELEPHONE & DATA SYSTEM | H63: =K63 -> 1915 | I63: Cisco / Aruba | K63: =L63+M63+N63+O63+P63 -> 1915 | M63: 1850 | N63: 50 | P63: 15
A64: 16.23-6 | B64: Cabinet , 47U Floor standing rack with 4fans ventilation unit , 2x32A 3PH vertical basic PDU | C64: No | D64: 1 | E64: =ROUNDUP(H64*$J$2,0) -> 5517 | F64: =D64*E64 -> 5517 | G64: نظام TELEPHONE & DATA SYSTEM | H64: =K64 -> 5517 | I64: FINOSEL / Generic | K64: =L64+M64+N64+O64+P64 -> 5517 | L64: 317 | M64: 5000 | N64: 100 | P64: 100
A65: 16.23-7 | B65: Telephone Set | C65: No | D65: 60 | E65: =ROUNDUP(H65*$J$2,0) -> 295 | F65: =D65*E65 -> 17700 | G65: نظام TELEPHONE & DATA SYSTEM | H65: =K65 -> 295 | I65: Cisco / Generic | K65: =L65+M65+N65+O65+P65 -> 295 | M65: 285 | N65: 5 | P65: 5
A66: 16.23-8 | B66: Cisco small business 48 port Gigabit network switch | C66: No. | D66: 6 | E66: =ROUNDUP(H66*$J$2,0) -> 2905 | F66: =D66*E66 -> 17430 | G66: نظام TELEPHONE & DATA SYSTEM | H66: =K66 -> 2905 | I66: Cisco | K66: =L66+M66+N66+O66+P66 -> 2905 | M66: 2850 | N66: 50 | P66: 5
A67: 16.23-9 | B67: 24 port Fiber optic patch panel | C67: No | D67: 2 | E67: =ROUNDUP(H67*$J$2,0) -> 660 | F67: =D67*E67 -> 1320 | G67: نظام TELEPHONE & DATA SYSTEM | H67: =K67 -> 660 | I67: Commscope / Generic | K67: =L67+M67+N67+O67+P67 -> 660 | M67: 650 | N67: 5 | P67: 5
A68: 16.23-10 | B68: 48 port comscope cat6A patch panel | C68: No. | D68: 6 | E68: =ROUNDUP(H68*$J$2,0) -> 2800 | F68: =D68*E68 -> 16800 | G68: نظام TELEPHONE & DATA SYSTEM | H68: =K68 -> 2800 | I68: Commscope | K68: =L68+M68+N68+O68+P68 -> 2800 | M68: 2700 | N68: 50 | P68: 50
A69: 16.23-11 | B69: MultiMode 12core fiber optic cable | C69: Lm | D69: 300 | E69: =ROUNDUP(H69*$J$2,0) -> 20 | F69: =D69*E69 -> 6000 | G69: نظام TELEPHONE & DATA SYSTEM | H69: =K69 -> 20 | I69: Commscope / Corning | K69: =L69+M69+N69+O69+P69 -> 20 | M69: 18 | N69: 1 | P69: 1
A70: 16.23-12 | B70: Fiber patch cord cable & jumber ( 1m , 2m ,3m , 5m) | C70: LS | D70: 1 | E70: =ROUNDUP(H70*$J$2,0) -> 2880 | F70: =D70*E70 -> 2880 | G70: نظام TELEPHONE & DATA SYSTEM | H70: =K70 -> 2880 | I70: Commscope / Generic | K70: =L70+M70+N70+O70+P70 -> 2880 | M70: 2850 | N70: 20 | P70: 10
A71: 16.23-13 | B71: Comscope CAT6A patch cord cable ( 1m , 3m , 5m) | C71: LS | D71: 1 | E71: =ROUNDUP(H71*$J$2,0) -> 3880 | F71: =D71*E71 -> 3880 | G71: نظام TELEPHONE & DATA SYSTEM | H71: =K71 -> 3880 | I71: Commscope | K71: =L71+M71+N71+O71+P71 -> 3880 | M71: 3850 | N71: 20 | P71: 10
A72: 16.23-14 | B72: Testing & Commissioning | C72: LS | D72: 1 | E72: =ROUNDUP(H72*$J$2,0) -> 9000 | F72: =D72*E72 -> 9000 | G72: نظام TELEPHONE & DATA SYSTEM | H72: =K72 -> 9000 | I72: System Integrator | K72: =L72+M72+N72+O72+P72 -> 9000 | M72: 9000
A74: 16.24 | B74: QUEING MANAGEMENT SYSTEM | G74: نظام QUEING MANAGEMENT SYSTEM
B75: Supply, installations, testing and commissioning of Queing management system work including cables, conduits, power supply + connections and all related complete accessories & work as per Drawing, Specification and Engineer Instructions.
A76: 16.24-1 | B76: Queing. Points (Conduing with Accessories) | C76: Lm | D76: 450 | E76: =ROUNDUP(H76*$J$2,0) -> 19 | F76: =D76*E76 -> 8550 | G76: نظام QUEING MANAGEMENT SYSTEM | H76: =K76 -> 19 | I76: Generic / Local | K76: =L76+M76+N76+O76+P76 -> 19 | M76: 15 | N76: 1 | P76: 3
A77: 16.24-2 | B77: Queing System CAT6A Cables | C77: Lm | D77: 750 | E77: =ROUNDUP(H77*$J$2,0) -> 19 | F77: =D77*E77 -> 14250 | G77: نظام QUEING MANAGEMENT SYSTEM | H77: =K77 -> 19 | I77: Commscope / Generic | K77: =L77+M77+N77+O77+P77 -> 19 | M77: 15 | N77: 1 | P77: 3
A78: 16.24-3 | B78: ticket despenser | C78: No. | D78: 2 | E78: =ROUNDUP(H78*$J$2,0) -> 2325 | F78: =D78*E78 -> 4650 | G78: نظام QUEING MANAGEMENT SYSTEM | H78: =K78 -> 2325 | I78: Oscar / Generic | K78: =L78+M78+N78+O78+P78 -> 2325 | M78: 2300 | N78: 10 | P78: 15
A79: 16.24-4 | B79: counter display unit | C79: No. | D79: 2 | E79: =ROUNDUP(H79*$J$2,0) -> 1875 | F79: =D79*E79 -> 3750 | G79: نظام QUEING MANAGEMENT SYSTEM | H79: =K79 -> 1875 | I79: Generic | K79: =L79+M79+N79+O79+P79 -> 1875 | M79: 1850 | N79: 20 | P79: 5
A80: 16.24-5 | B80: waiting area display unit | C80: No. | D80: 2 | E80: =ROUNDUP(H80*$J$2,0) -> 2880 | F80: =D80*E80 -> 5760 | G80: نظام QUEING MANAGEMENT SYSTEM | H80: =K80 -> 2880 | I80: Generic | K80: =L80+M80+N80+O80+P80 -> 2880 | M80: 2850 | N80: 20 | P80: 10
A81: 16.24-6 | B81: key board (calling unit) | C81: No. | D81: 2 | E81: =ROUNDUP(H81*$J$2,0) -> 670 | F81: =D81*E81 -> 1340 | G81: نظام QUEING MANAGEMENT SYSTEM | H81: =K81 -> 670 | I81: Generic | K81: =L81+M81+N81+O81+P81 -> 670 | M81: 650 | N81: 10 | P81: 10
A82: 16.24-7 | B82: Central controller for queing system | C82: No. | D82: 1 | E82: =ROUNDUP(H82*$J$2,0) -> 4950 | F82: =D82*E82 -> 4950 | G82: نظام QUEING MANAGEMENT SYSTEM | H82: =K82 -> 4950 | I82: Oscar / Generic | K82: =L82+M82+N82+O82+P82 -> 4950 | M82: 4850 | N82: 50 | P82: 50
A83: 16.24-8 | B83: 6W ceiling mounted load speaker with match transformer. | C83: No. | D83: 2 | E83: =ROUNDUP(H83*$J$2,0) -> 510 | F83: =D83*E83 -> 1020 | G83: نظام QUEING MANAGEMENT SYSTEM | H83: =K83 -> 510 | I83: TOA / Bosch | K83: =L83+M83+N83+O83+P83 -> 510 | M83: 485 | N83: 15 | P83: 10
A84: 16.24-9 | B84: RACK for system componant , include UPS | C84: No. | D84: 1 | E84: =ROUNDUP(H84*$J$2,0) -> 4050 | F84: =D84*E84 -> 4050 | G84: نظام QUEING MANAGEMENT SYSTEM | H84: =K84 -> 4050 | I84: FINOSEL / Generic | K84: =L84+M84+N84+O84+P84 -> 4050 | M84: 3850 | N84: 100 | P84: 100
A85: 16.24-10 | B85: 60 inch LED monitor for dashboard and statistics | C85: No. | D85: 1 | E85: =ROUNDUP(H85*$J$2,0) -> 3350 | F85: =D85*E85 -> 3350 | G85: نظام QUEING MANAGEMENT SYSTEM | H85: =K85 -> 3350 | I85: Samsung / LG | K85: =L85+M85+N85+O85+P85 -> 3350 | M85: 3200 | N85: 100 | P85: 50
A86: 16.24-11 | B86: workstation With licensed software for monotoriing and report generation , connection to BMS and all necessary equipment needed to complete the operation of the system. | C86: LS | D86: 1 | E86: =ROUNDUP(H86*$J$2,0) -> 7650 | F86: =D86*E86 -> 7650 | G86: نظام QUEING MANAGEMENT SYSTEM | H86: =K86 -> 7650 | I86: Dell / HP | K86: =L86+M86+N86+O86+P86 -> 7650 | M86: 7500 | N86: 100 | P86: 50
A87: 16.24-12 | B87: Testing & Commissioning | C87: LS | D87: 1 | E87: =ROUNDUP(H87*$J$2,0) -> 7000 | F87: =D87*E87 -> 7000 | G87: نظام QUEING MANAGEMENT SYSTEM | H87: =K87 -> 7000 | I87: System Integrator | K87: =L87+M87+N87+O87+P87 -> 7000 | M87: 7000
A90: 16.2 | B90: Access Control System | G90: نظام التحكم بالدخول Access Control
B91: Supply, installations, testing and commissioning of Access Control system work including cables, conduits, power supply + connections and all related complete accessories & work as per Drawing, Specification and Engineer Instructions.
A92: 16.25-1 | B92: A.C. Points (Conduing with Accessories) | C92: Lm | D92: 1300 | E92: =ROUNDUP(H92*$J$2,0) -> 19 | F92: =D92*E92 -> 24700 | G92: نظام تحكم بالدخول | H92: =K92 -> 19 | I92: Generic / Local | K92: =L92+M92+N92+O92+P92 -> 19 | M92: 15 | N92: 1 | P92: 3
A93: 16.25-2 | B93: A.C. CAT6A Cables | C93: Lm | D93: 2220 | E93: =ROUNDUP(H93*$J$2,0) -> 19 | F93: =D93*E93 -> 42180 | G93: نظام تحكم بالدخول | H93: =K93 -> 19 | I93: Commscope / Generic | K93: =L93+M93+N93+O93+P93 -> 19 | M93: 15 | N93: 1 | P93: 3
A94: 16.25-3 | B94: Card Reader | C94: No | D94: 10 | E94: =ROUNDUP(H94*$J$2,0) -> 495 | F94: =D94*E94 -> 4950 | G94: نظام تحكم بالدخول | H94: =K94 -> 495 | I94: HID / ZKTeco | K94: =L94+M94+N94+O94+P94 -> 495 | M94: 485 | N94: 5 | P94: 5
A95: 16.25-4 | B95: Push Button | C95: No | D95: 12 | E95: =ROUNDUP(H95*$J$2,0) -> 195 | F95: =D95*E95 -> 2340 | G95: نظام تحكم بالدخول | H95: =K95 -> 195 | I95: Generic / ZKTeco | K95: =L95+M95+N95+O95+P95 -> 195 | M95: 185 | N95: 5 | P95: 5
A96: 16.25-5 | B96: 4 Door Controller | C96: No | D96: 3 | E96: =ROUNDUP(H96*$J$2,0) -> 1970 | F96: =D96*E96 -> 5910 | G96: نظام تحكم بالدخول | H96: =K96 -> 1970 | I96: ZKTeco / HID | K96: =L96+M96+N96+O96+P96 -> 1970 | M96: 1850 | N96: 20 | P96: 100
A97: 16.25-6 | B97: Single Door Magnetic Lock | C97: No | D97: 8 | E97: =ROUNDUP(H97*$J$2,0) -> 520 | F97: =D97*E97 -> 4160 | G97: نظام تحكم بالدخول | H97: =K97 -> 520 | I97: ZKTeco / ASSA ABLOY | K97: =L97+M97+N97+O97+P97 -> 520 | M97: 485 | N97: 15 | P97: 20
A98: 16.25-7 | B98: Double Door Magnetic Lock | C98: No | D98: 2 | E98: =ROUNDUP(H98*$J$2,0) -> 960 | F98: =D98*E98 -> 1920 | G98: نظام تحكم بالدخول | H98: =K98 -> 960 | I98: ZKTeco / ASSA ABLOY | K98: =L98+M98+N98+O98+P98 -> 960 | M98: 925 | N98: 15 | P98: 20
A99: 16.25-8 | B99: Power Supply Unit 240V AC / 12V DC | C99: LS | D99: 1 | E99: =ROUNDUP(H99*$J$2,0) -> 1870 | F99: =D99*E99 -> 1870 | G99: نظام تحكم بالدخول | H99: =K99 -> 1870 | I99: Generic | K99: =L99+M99+N99+O99+P99 -> 1870 | M99: 1850 | N99: 10 | P99: 10
A100: 16.25-9 | B100: Configuration, Testing & Commissioning | C100: LS | D100: 1 | E100: =ROUNDUP(H100*$J$2,0) -> 5000 | F100: =D100*E100 -> 5000 | G100: نظام تحكم بالدخول | H100: =K100 -> 5000 | I100: System Integrator | K100: =L100+M100+N100+O100+P100 -> 5000 | M100: 5000
H101: =K101 -> 0 | K101: =L101+M101+N101+O101+P101 -> 0
B103: Nurse Call System | G103: نظام Nurse Call System
B104: duty room interface 4 lamps clino phon 99 | C104: EA | D104: 1 | E104: =ROUNDUP(H104*$J$2,0) -> 1865 | F104: =D104*E104 -> 1865 | G104: نظام Nurse Call System | H104: =K104 -> 1865 | I104: Clino / Generic | K104: =L104+M104+N104+O104+P104 -> 1865 | M104: 1850 | N104: 10 | P104: 5
B105: connection board duty room interface white cp99 | C105: EA | D105: 1 | E105: =ROUNDUP(H105*$J$2,0) -> 960 | F105: =D105*E105 -> 960 | G105: نظام Nurse Call System | H105: =K105 -> 960 | I105: Clino / Generic | K105: =L105+M105+N105+O105+P105 -> 960 | M105: 950 | N105: 5 | P105: 5
B106: data bus connection unit for master station | C106: EA | D106: 1 | E106: =ROUNDUP(H106*$J$2,0) -> 1310 | F106: =D106*E106 -> 1310 | G106: نظام Nurse Call System | H106: =K106 -> 1310 | I106: Clino / Generic | K106: =L106+M106+N106+O106+P106 -> 1310 | M106: 1250 | N106: 50 | P106: 10
B107: cover plate data bus connection unit | C107: EA | D107: 1 | E107: =ROUNDUP(H107*$J$2,0) -> 295 | F107: =D107*E107 -> 295 | G107: نظام Nurse Call System | H107: =K107 -> 295 | I107: Clino / Generic | K107: =L107+M107+N107+O107+P107 -> 295 | M107: 285 | N107: 5 | P107: 5
B108: frame for cover plates ( single ) | C108: EA | D108: 1 | E108: =ROUNDUP(H108*$J$2,0) -> 195 | F108: =D108*E108 -> 195 | G108: نظام Nurse Call System | H108: =K108 -> 195 | I108: Clino / Generic | K108: =L108+M108+N108+O108+P108 -> 195 | M108: 185 | N108: 5 | P108: 5
B109: master statiion with touchscreen clino phon 99 | C109: EA | D109: 1 | E109: =ROUNDUP(H109*$J$2,0) -> 4880 | F109: =D109*E109 -> 4880 | G109: نظام Nurse Call System | H109: =K109 -> 4880 | I109: Clino / Generic | K109: =L109+M109+N109+O109+P109 -> 4880 | M109: 4850 | N109: 20 | P109: 10
B110: room electonic module em340 with bed data bus silver | C110: EA | D110: 3 | E110: =ROUNDUP(H110*$J$2,0) -> 1270 | F110: =D110*E110 -> 3810 | G110: نظام Nurse Call System | H110: =K110 -> 1270 | I110: Clino / Generic | K110: =L110+M110+N110+O110+P110 -> 1270 | M110: 1250 | N110: 10 | P110: 10
...

Sheet Medical Gases
A2: Medical Gas | J2: 1
A3: Item No. | B3: Description | C3: Unit | D3: Qty | E3: Rate | F3: Amount | G3: العام | H3: Best | I3: Supplier | J3: O&P% | K3: Dry (O) | L3: OUTLET (P) | M3: Supply (Q) | N3: Wastage (R) | O3: Install (S) | P3: Access (T) | Q3: ملاحظات | R3: الموردون
A4: 17 | B4: MECHANICAL - MEDICAL GASES
A6: 17.1 | B6: MEDICAL GAS PIPES
B7: Supply& install Medical Grade De-greased copper pipe work and fittings as specified including hangers and supports for the following diameters:
A8: 17.1-1 | B8: 15 mm diameter 100% | C8: Lm | D8: 630
A9: 17.1-2 | B9: 22 mm diameter 100% | C9: Lm | D9: 175
A11: 17.2 | B11: VALVES & OUTLETS .
B12: Supply& install Line Ball valves for medical gases as specified including hangers and supports for the following diameters:
A13: 17.2-1 | B13: 15 mm diameter Valve (100%) | C13: No. | D13: 26
A14: 17.2-2 | B14: 22 mm diameter Valve (100%) | C14: No. | D14: 2
A15: 17.2-3 | B15: supply & Install Medical gas outlet for 02 , MA,VAC, N2O, AGSS (100%) | C15: No. | D15: 48
A16: 17.2-4 | B16: Area Gas Service Unit 3 Gases (100%) | C16: No | D16: 2
A18: 17.3 | B18: BED HEAD UNITS
B19: Supply installation, testing and commissioning of Bed Head Units with accessories
B20: Each Bed Head Unit requires 6 to 10 electrical sockets ( 5 Red colored for UPS) and ( 5 Normal white colored) The sockets must be MK standard (Legrand) surface mounted Each Bed Requires 1RJ45 Data Connector Socket on its BHU access provision Every Bed Head Unit or Bed Side BHU must have 1 cutout 45x45mm for nurse call system Every BHU must have a upper and lower integrated Medical Aluminum Rail of Size 25x10 mm Each Bed Requires 3 to 5 Medical Gases as per requirement Type DIN German Standards
A21: 17.3-1 | B21: Bed Head Units length 1500 mm ( BHU out of scope, rate includes first and second fix only) 100% | C21: No. | D21: 8 | E21: =ROUNDUP(H21*$J$2,0) -> 2850 | F21: =D21*E21 -> 22800 | G21: BED HEAD UNIT | H21: =K21 -> 2850 | K21: =L21+M21+N21+O21+P21 -> 2850 | L21: =(250*8)+400+300 -> 2700 | N21: 100 | P21: 50
A24: 17.4 | B24: MISCELLANEOUS ITEMS
A26: 17.4-1 | B26: Labels/Identification for all Medical Gases Equipment & Piping as per specification. (Stickers) 100% | C26: No. | D26: 1
A28: Total for Medical Gases Works in SAR | F28: =SUM(F4:F27) -> 22800
G29: BED HEAD UNIT | H29: =K29 -> 18000.01 | K29: =L29+M29+N29+O29+P29 -> 18000.01 | L29: 134.5 | M29: 10719.3 | N29: 893.28 | O29: 5359.65 | P29: 893.28

Sheet بريك داون كهرباء
A1: م | B1: رقم البند | C1: وصف البند | D1: الكمية | E1: الوحدة | F1: نوع العلبة | G1: سعر العلبة /وحدة | H1: نوع الماسورة | I1: طول/وحدة (م) | J1: سعر/م | K1: إجمالي ماسورة/وحدة | L1: نوع السلك | M1: طول/وحدة (م.ط | N1: سعر/م.ط | O1: إجمالي سلك/وحدة | P1: تثبيت وتوصيل | Q1: ★الوحدة | R1: ★الإجمالي
A3: ◄ لوحات التوزيع الكهربائية
A4: 1 | B4: 1 | C4: لوحة توزيع عادية DB-N4A-1F كاملة المعدات | D4: 1 | E4: عدد | F4: لوحة / كابينة + داخليات | G4: 11880 | H4: تغذية / مسار | I4: 1 | J4: 1980 | K4: =Table6[[#This Row],[سعر/م]]*Table6[[#This Row],[طول/وحدة (م)]] -> 1980 | L4: سلك داخلي / ترقيم | M4: 1 | N4: 1980 | O4: =Table6[[#This Row],[سعر/م.ط]]*Table6[[#This Row],[طول/وحدة (م.ط]] -> 1980 | P4: 3960 | Q4: =Table6[[#This Row],[تثبيت وتوصيل]]+Table6[[#This Row],[إجمالي سلك/وحدة]]+Table6[[#This Row],[إجمالي ماسورة/وحدة]]+Table6[[#This Row],[سعر العلبة /وحدة]] -> 19800 | R4: =Table6[[#This Row],[★الوحدة]]*Table6[[#This Row],[الكمية]] -> 19800
A5: 2 | B5: 2 | C5: لوحة توزيع عادية DB-N4B-1F | D5: 1 | E5: عدد | F5: لوحة / كابينة + داخليات | G5: 10560 | H5: تغذية / مسار | I5: 1 | J5: 1760 | K5: =Table6[[#This Row],[سعر/م]]*Table6[[#This Row],[طول/وحدة (م)]] -> 1760 | L5: سلك داخلي / ترقيم | M5: 1 | N5: 1760 | O5: =Table6[[#This Row],[سعر/م.ط]]*Table6[[#This Row],[طول/وحدة (م.ط]] -> 1760 | P5: 3520 | Q5: =Table6[[#This Row],[تثبيت وتوصيل]]+Table6[[#This Row],[إجمالي سلك/وحدة]]+Table6[[#This Row],[إجمالي ماسورة/وحدة]]+Table6[[#This Row],[سعر العلبة /وحدة]] -> 17600 | R5: =Table6[[#This Row],[★الوحدة]]*Table6[[#This Row],[الكمية]] -> 17600
A6: 3 | B6: 3 | C6: لوحة إنارة DB-LN4-1F | D6: 1 | E6: عدد | F6: لوحة / كابينة + داخليات | G6: 9240 | H6: تغذية / مسار | I6: 1 | J6: 1540 | K6: =Table6[[#This Row],[سعر/م]]*Table6[[#This Row],[طول/وحدة (م)]] -> 1540 | L6: سلك داخلي / ترقيم | M6: 1 | N6: 1540 | O6: =Table6[[#This Row],[سعر/م.ط]]*Table6[[#This Row],[طول/وحدة (م.ط]] -> 1540 | P6: 3080 | Q6: =Table6[[#This Row],[تثبيت وتوصيل]]+Table6[[#This Row],[إجمالي سلك/وحدة]]+Table6[[#This Row],[إجمالي ماسورة/وحدة]]+Table6[[#This Row],[سعر العلبة /وحدة]] -> 15400 | R6: =Table6[[#This Row],[★الوحدة]]*Table6[[#This Row],[الكمية]] -> 15400
A7: 4 | B7: 4 | C7: لوحة طوارئ DB-LE4-1F | D7: 1 | E7: عدد | F7: لوحة / كابينة + داخليات | G7: 7920 | H7: تغذية / مسار | I7: 1 | J7: 1320 | K7: =Table6[[#This Row],[سعر/م]]*Table6[[#This Row],[طول/وحدة (م)]] -> 1320 | L7: سلك داخلي / ترقيم | M7: 1 | N7: 1320 | O7: =Table6[[#This Row],[سعر/م.ط]]*Table6[[#This Row],[طول/وحدة (م.ط]] -> 1320 | P7: 2640 | Q7: =Table6[[#This Row],[تثبيت وتوصيل]]+Table6[[#This Row],[إجمالي سلك/وحدة]]+Table6[[#This Row],[إجمالي ماسورة/وحدة]]+Table6[[#This Row],[سعر العلبة /وحدة]] -> 13200 | R7: =Table6[[#This Row],[★الوحدة]]*Table6[[#This Row],[الكمية]] -> 13200
A8: 5 | B8: 5 | C8: لوحة توزيع DB-E4-1F | D8: 1 | E8: عدد | F8: لوحة / كابينة + داخليات | G8: 7260 | H8: تغذية / مسار | I8: 1 | J8: 1210 | K8: =Table6[[#This Row],[سعر/م]]*Table6[[#This Row],[طول/وحدة (م)]] -> 1210 | L8: سلك داخلي / ترقيم | M8: 1 | N8: 1210 | O8: =Table6[[#This Row],[سعر/م.ط]]*Table6[[#This Row],[طول/وحدة (م.ط]] -> 1210 | P8: 2420 | Q8: =Table6[[#This Row],[تثبيت وتوصيل]]+Table6[[#This Row],[إجمالي سلك/وحدة]]+Table6[[#This Row],[إجمالي ماسورة/وحدة]]+Table6[[#This Row],[سعر العلبة /وحدة]] -> 12100 | R8: =Table6[[#This Row],[★الوحدة]]*Table6[[#This Row],[الكمية]] -> 12100
A9: 6 | B9: 6 | C9: لوحة توزيع DB-U3-1F | D9: 1 | E9: عدد | F9: لوحة / كابينة + داخليات | G9: 6270 | H9: تغذية / مسار | I9: 1 | J9: 1045 | K9: =Table6[[#This Row],[سعر/م]]*Table6[[#This Row],[طول/وحدة (م)]] -> 1045 | L9: سلك داخلي / ترقيم | M9: 1 | N9: 1045 | O9: =Table6[[#This Row],[سعر/م.ط]]*Table6[[#This Row],[طول/وحدة (م.ط]] -> 1045 | P9: 2090 | Q9: =Table6[[#This Row],[تثبيت وتوصيل]]+Table6[[#This Row],[إجمالي سلك/وحدة]]+Table6[[#This Row],[إجمالي ماسورة/وحدة]]+Table6[[#This Row],[سعر العلبة /وحدة]] -> 10450 | R9: =Table6[[#This Row],[★الوحدة]]*Table6[[#This Row],[الكمية]] -> 10450
A10: 7 | B10: 7 | C10: لوحة إنارة DB-LU2-1F | D10: 1 | E10: عدد | F10: لوحة / كابينة + داخليات | G10: 5610 | H10: تغذية / مسار | I10: 1 | J10: 935 | K10: =Table6[[#This Row],[سعر/م]]*Table6[[#This Row],[طول/وحدة (م)]] -> 935 | L10: سلك داخلي / ترقيم | M10: 1 | N10: 935 | O10: =Table6[[#This Row],[سعر/م.ط]]*Table6[[#This Row],[طول/وحدة (م.ط]] -> 935 | P10: 1870 | Q10: =Table6[[#This Row],[تثبيت وتوصيل]]+Table6[[#This Row],[إجمالي سلك/وحدة]]+Table6[[#This Row],[إجمالي ماسورة/وحدة]]+Table6[[#This Row],[سعر العلبة /وحدة]] -> 9350 | R10: =Table6[[#This Row],[★الوحدة]]*Table6[[#This Row],[الكمية]] -> 9350
A11: 8 | B11: 8 | C11: لوحة تحكم إنارة KNX LCP4-1F | D11: 1 | E11: عدد | F11: لوحة / كابينة + داخليات | G11: 14520 | H11: تغذية / مسار | I11: 1 | J11: 2420 | K11: =Table6[[#This Row],[سعر/م]]*Table6[[#This Row],[طول/وحدة (م)]] -> 2420 | L11: سلك داخلي / ترقيم | M11: 1 | N11: 2420 | O11: =Table6[[#This Row],[سعر/م.ط]]*Table6[[#This Row],[طول/وحدة (م.ط]] -> 2420 | P11: 4840 | Q11: =Table6[[#This Row],[تثبيت وتوصيل]]+Table6[[#This Row],[إجمالي سلك/وحدة]]+Table6[[#This Row],[إجمالي ماسورة/وحدة]]+Table6[[#This Row],[سعر العلبة /وحدة]] -> 24200 | R11: =Table6[[#This Row],[★الوحدة]]*Table6[[#This Row],[الكمية]] -> 24200
A13: ◄ الكابلات والأسلاك
A14: 9 | B14: 9 | C14: كابل 4C-10مم² CU/XLPE/PVC LS0H 0.6/1.0kV | D14: 1000 | E14: م.ط | F14: توريد كابل | G14: 51.425 | H14: حماية / مسار | I14: 1 | J14: 3.025 | K14: =Table6[[#This Row],[سعر/م]]*Table6[[#This Row],[طول/وحدة (م)]] -> 3.025 | L14: نهايات | M14: 1 | N14: 3.025 | O14: =Table6[[#This Row],[سعر/م.ط]]*Table6[[#This Row],[طول/وحدة (م.ط]] -> 3.025 | P14: 3.025
A15: 10 | B15: 10 | C15: كابل 4C-35مم² CU/XLPE/PVC LS0H | D15: 1000 | E15: م.ط | F15: توريد كابل | G15: 172.975 | H15: حماية / مسار | I15: 1 | J15: 10.175 | K15: =Table6[[#This Row],[سعر/م]]*Table6[[#This Row],[طول/وحدة (م)]] -> 10.175 | L15: نهايات | M15: 1 | N15: 10.175 | O15: =Table6[[#This Row],[سعر/م.ط]]*Table6[[#This Row],[طول/وحدة (م.ط]] -> 10.175 | P15: 10.175
A16: 11 | B16: 11 | C16: كابل 4C-50مم² CU/XLPE/PVC LS0H | D16: 400 | E16: م.ط | F16: توريد كابل | G16: 243.1 | H16: حماية / مسار | I16: 1 | J16: 14.3 | K16: =Table6[[#This Row],[سعر/م]]*Table6[[#This Row],[طول/وحدة (م)]] -> 14.3 | L16: نهايات | M16: 1 | N16: 14.3 | O16: =Table6[[#This Row],[سعر/م.ط]]*Table6[[#This Row],[طول/وحدة (م.ط]] -> 14.3 | P16: 14.3
A17: 12 | B17: 12 | C17: كابل أرضي 1C-10مم² أصفر/أخضر | D17: 1000 | E17: م.ط | F17: توريد كابل | G17: 16.83 | H17: حماية / مسار | I17: 1 | J17: 0.99 | K17: =Table6[[#This Row],[سعر/م]]*Table6[[#This Row],[طول/وحدة (م)]] -> 0.99 | L17: نهايات | M17: 1 | N17: 0.99 | O17: =Table6[[#This Row],[سعر/م.ط]]*Table6[[#This Row],[طول/وحدة (م.ط]] -> 0.99 | P17: 0.99
A18: 13 | B18: 13 | C18: كابل أرضي 1C-16مم² | D18: 1000 | E18: م.ط | F18: توريد كابل | G18: 26.18 | H18: حماية / مسار | I18: 1 | J18: 1.54 | K18: =Table6[[#This Row],[سعر/م]]*Table6[[#This Row],[طول/وحدة (م)]] -> 1.54 | L18: نهايات | M18: 1 | N18: 1.54 | O18: =Table6[[#This Row],[سعر/م.ط]]*Table6[[#This Row],[طول/وحدة (م.ط]] -> 1.54 | P18: 1.54
A19: 14 | B19: 14 | C19: كابل أرضي 1C-25مم² | D19: 400 | E19: م.ط | F19: توريد كابل | G19: 39.27 | H19: حماية / مسار | I19: 1 | J19: 2.31 | K19: =Table6[[#This Row],[سعر/م]]*Table6[[#This Row],[طول/وحدة (م)]] -> 2.31 | L19: نهايات | M19: 1 | N19: 2.31 | O19: =Table6[[#This Row],[سعر/م.ط]]*Table6[[#This Row],[طول/وحدة (م.ط]] -> 2.31 | P19: 2.31
A20: 15 | B20: 15 | C20: Cable Lugs Glands & Terminations | D20: 1 | E20: LS | F20: توريد كابل | G20: 7480 | H20: حماية / مسار | I20: 1 | J20: 440 | K20: =Table6[[#This Row],[سعر/م]]*Table6[[#This Row],[طول/وحدة (م)]] -> 440 | L20: نهايات | M20: 1 | N20: 440 | O20: =Table6[[#This Row],[سعر/م.ط]]*Table6[[#This Row],[طول/وحدة (م.ط]] -> 440 | P20: 440
A22: ◄ مخارج القوى والأفياش
A23: 16 | B23: 16 | C23: Power Points Conduit+Wire+Box 4مم² شاملة | D23: 327 | E23: عدد
A24: 17 | B24: 17 | C24: مفتاح إنارة أحادي 1G1W | D24: 100 | E24: عدد | F24: علبة بلاستيك | G24: 9 | H24: ماسورة / ترنك | I24: 5 | J24: 3 | K24: =Table6[[#This Row],[سعر/م]]*Table6[[#This Row],[طول/وحدة (م)]] -> 15 | L24: سلك تغذية | M24: =Table6[[#This Row],[طول/وحدة (م)]]*1.1 -> 5.5 | N24: 12 | O24: =Table6[[#This Row],[سعر/م.ط]]*Table6[[#This Row],[طول/وحدة (م.ط]] -> 66 | P24: 80 | Q24: =Table6[[#This Row],[تثبيت وتوصيل]]+Table6[[#This Row],[إجمالي سلك/وحدة]]+Table6[[#This Row],[إجمالي ماسورة/وحدة]]+Table6[[#This Row],[سعر العلبة /وحدة]] -> 170 | R24: =Table6[[#This Row],[★الوحدة]]*Table6[[#This Row],[الكمية]] -> 17000
A25: 18 | B25: 18 | C25: مفتاح إنارة ثنائي 2G1W | D25: 20 | E25: عدد | F25: علبة بلاستيك | G25: 9 | H25: ماسورة / ترنك | I25: 10 | J25: 3 | K25: =Table6[[#This Row],[سعر/م]]*Table6[[#This Row],[طول/وحدة (م)]] -> 30 | L25: سلك تغذية | M25: =Table6[[#This Row],[طول/وحدة (م)]]*1.1 -> 11 | N25: 12 | O25: =Table6[[#This Row],[سعر/م.ط]]*Table6[[#This Row],[طول/وحدة (م.ط]] -> 132 | P25: 80 | Q25: =Table6[[#This Row],[تثبيت وتوصيل]]+Table6[[#This Row],[إجمالي سلك/وحدة]]+Table6[[#This Row],[إجمالي ماسورة/وحدة]]+Table6[[#This Row],[سعر العلبة /وحدة]] -> 251 | R25: =Table6[[#This Row],[★الوحدة]]*Table6[[#This Row],[الكمية]] -> 5020
A26: 19 | B26: 19 | C26: Single Socket 13A Berker 1G | D26: 130 | E26: عدد | F26: علبة بلاستيك | G26: 9 | H26: ماسورة / ترنك | I26: 5 | J26: 3 | K26: =Table6[[#This Row],[سعر/م]]*Table6[[#This Row],[طول/وحدة (م)]] -> 15 | L26: سلك تغذية | M26: =Table6[[#This Row],[طول/وحدة (م)]]*1.1 -> 5.5 | N26: 12 | O26: =Table6[[#This Row],[سعر/م.ط]]*Table6[[#This Row],[طول/وحدة (م.ط]] -> 66 | P26: 80 | Q26: =Table6[[#This Row],[تثبيت وتوصيل]]+Table6[[#This Row],[إجمالي سلك/وحدة]]+Table6[[#This Row],[إجمالي ماسورة/وحدة]]+Table6[[#This Row],[سعر العلبة /وحدة]] -> 170 | R26: =Table6[[#This Row],[★الوحدة]]*Table6[[#This Row],[الكمية]] -> 22100
A27: 20 | B27: 20 | C27: Duplex Socket 13A Berker 1G | D27: 70 | E27: عدد | F27: علبة بلاستيك | G27: 9 | H27: ماسورة / ترنك | I27: 5 | J27: 3 | K27: =Table6[[#This Row],[سعر/م]]*Table6[[#This Row],[طول/وحدة (م)]] -> 15 | L27: سلك تغذية | M27: =Table6[[#This Row],[طول/وحدة (م)]]*1.1 -> 5.5 | N27: 12 | O27: =Table6[[#This Row],[سعر/م.ط]]*Table6[[#This Row],[طول/وحدة (م.ط]] -> 66 | P27: 80 | Q27: =Table6[[#This Row],[تثبيت وتوصيل]]+Table6[[#This Row],[إجمالي سلك/وحدة]]+Table6[[#This Row],[إجمالي ماسورة/وحدة]]+Table6[[#This Row],[سعر العلبة /وحدة]] -> 170 | R27: =Table6[[#This Row],[★الوحدة]]*Table6[[#This Row],[الكمية]] -> 11900
A28: 21 | B28: 21 | C28: Industrial Low Voltage Socket 5-pin 30A IP67 | D28: 5 | E28: عدد | F28: علبة بلاستيك | G28: 9 | H28: ماسورة / ترنك | I28: 15 | J28: 3 | K28: =Table6[[#This Row],[سعر/م]]*Table6[[#This Row],[طول/وحدة (م)]] -> 45 | L28: كابل تغذية | M28: =Table6[[#This Row],[طول/وحدة (م)]]*1.1 -> 16.5 | N28: 20 | O28: =Table6[[#This Row],[سعر/م.ط]]*Table6[[#This Row],[طول/وحدة (م.ط]] -> 330 | P28: 130 | Q28: =Table6[[#This Row],[تثبيت وتوصيل]]+Table6[[#This Row],[إجمالي سلك/وحدة]]+Table6[[#This Row],[إجمالي ماسورة/وحدة]]+Table6[[#This Row],[سعر العلبة /وحدة]] -> 514 | R28: =Table6[[#This Row],[★الوحدة]]*Table6[[#This Row],[الكمية]] -> 2570
A29: 22 | B29: 22 | C29: Floor Box Recessed 2 Compartments Push Open | D29: 2 | E29: عدد | F29: علبة أرضية معدنية مع غطاء مفصلي | H29: ماسورة / ترنك | I29: 8 | J29: 3 | K29: =Table6[[#This Row],[سعر/م]]*Table6[[#This Row],[طول/وحدة (م)]] -> 24 | L29: سلك تغذية | M29: =Table6[[#This Row],[طول/وحدة (م)]]*1.1 -> 8.8 | N29: 12 | O29: =Table6[[#This Row],[سعر/م.ط]]*Table6[[#This Row],[طول/وحدة (م.ط]] -> 105.6 | P29: 150 | Q29: =Table6[[#This Row],[تثبيت وتوصيل]]+Table6[[#This Row],[إجمالي سلك/وحدة]]+Table6[[#This Row],[إجمالي ماسورة/وحدة]]+Table6[[#This Row],[سعر العلبة /وحدة]] -> 279.6 | R29: =Table6[[#This Row],[★الوحدة]]*Table6[[#This Row],[الكمية]] -> 559.2
A30: 23 | B30: 23 | C30: Isolator 32A Three Pole + Neutral | D30: 20 | E30: عدد | F30: علبة بلاستيك | G30: 9 | H30: ماسورة / ترنك | I30: 15 | J30: 3 | K30: =Table6[[#This Row],[سعر/م]]*Table6[[#This Row],[طول/وحدة (م)]] -> 45 | L30: كابل تغذية | M30: =Table6[[#This Row],[طول/وحدة (م)]]*1.1 -> 16.5 | N30: 20 | O30: =Table6[[#This Row],[سعر/م.ط]]*Table6[[#This Row],[طول/وحدة (م.ط]] -> 330 | P30: 150 | Q30: =Table6[[#This Row],[تثبيت وتوصيل]]+Table6[[#This Row],[إجمالي سلك/وحدة]]+Table6[[#This Row],[إجمالي ماسورة/وحدة]]+Table6[[#This Row],[سعر العلبة /وحدة]] -> 534 | R30: =Table6[[#This Row],[★الوحدة]]*Table6[[#This Row],[الكمية]] -> 10680
A32: ◄ نظام الإنارة
A33: 24 | B33: 24 | C33: Lighting Points Conduit+Wire+Box 2.5مم² | D33: 284 | E33: عدد | F33: علبة بلاستيك | G33: 9 | H33: PVC | I33: 5 | J33: 3 | K33: =Table6[[#This Row],[سعر/م]]*Table6[[#This Row],[طول/وحدة (م)]] -> 15 | L33: سلك إنارة | M33: =Table6[[#This Row],[طول/وحدة (م)]]*1.1 -> 5.5 | N33: 9 | O33: =Table6[[#This Row],[سعر/م.ط]]*Table6[[#This Row],[طول/وحدة (م.ط]] -> 49.5 | P33: 80 | Q33: =Table6[[#This Row],[تثبيت وتوصيل]]+Table6[[#This Row],[إجمالي سلك/وحدة]]+Table6[[#This Row],[إجمالي ماسورة/وحدة]]+Table6[[#This Row],[سعر العلبة /وحدة]] -> 153.5 | R33: =Table6[[#This Row],[★الوحدة]]*Table6[[#This Row],[الكمية]] -> 43594
A34: 25 | B34: 25 | C34: Type-L1 Square Downlight 23W IP44 230V | D34: 80 | E34: عدد | F34: علبة بلاستيك | G34: 9 | H34: PVC | I34: 5 | J34: 3 | K34: =Table6[[#This Row],[سعر/م]]*Table6[[#This Row],[طول/وحدة (م)]] -> 15 | L34: سلك إنارة | M34: =Table6[[#This Row],[طول/وحدة (م)]]*1.1 -> 5.5 | N34: 9 | O34: =Table6[[#This Row],[سعر/م.ط]]*Table6[[#This Row],[طول/وحدة (م.ط]] -> 49.5 | P34: 80 | Q34: =Table6[[#This Row],[تثبيت وتوصيل]]+Table6[[#This Row],[إجمالي سلك/وحدة]]+Table6[[#This Row],[إجمالي ماسورة/وحدة]]+Table6[[#This Row],[سعر العلبة /وحدة]] -> 153.5 | R34: =Table6[[#This Row],[★الوحدة]]*Table6[[#This Row],[الكمية]] -> 12280
A35: 26 | B35: 26 | C35: Type-L2 Square Panel Downlight 16W IP44 5000K | D35: 20 | E35: عدد | F35: علبة بلاستيك | G35: 9 | H35: PVC | I35: 5 | J35: 3 | K35: =Table6[[#This Row],[سعر/م]]*Table6[[#This Row],[طول/وحدة (م)]] -> 15 | L35: سلك إنارة | M35: =Table6[[#This Row],[طول/وحدة (م)]]*1.1 -> 5.5 | N35: 9 | O35: =Table6[[#This Row],[سعر/م.ط]]*Table6[[#This Row],[طول/وحدة (م.ط]] -> 49.5 | P35: 80 | Q35: =Table6[[#This Row],[تثبيت وتوصيل]]+Table6[[#This Row],[إجمالي سلك/وحدة]]+Table6[[#This Row],[إجمالي ماسورة/وحدة]]+Table6[[#This Row],[سعر العلبة /وحدة]] -> 153.5 | R35: =Table6[[#This Row],[★الوحدة]]*Table6[[#This Row],[الكمية]] -> 3070
A36: 27 | B36: 27 | C36: Type-L3 Square Spot 5W IP23 3000K | D36: 20 | E36: عدد | F36: علبة بلاستيك | G36: 9 | H36: PVC | I36: 5 | J36: 3 | K36: =Table6[[#This Row],[سعر/م]]*Table6[[#This Row],[طول/وحدة (م)]] -> 15 | L36: سلك إنارة | M36: =Table6[[#This Row],[طول/وحدة (م)]]*1.1 -> 5.5 | N36: 9 | O36: =Table6[[#This Row],[سعر/م.ط]]*Table6[[#This Row],[طول/وحدة (م.ط]] -> 49.5 | P36: 80 | Q36: =Table6[[#This Row],[تثبيت وتوصيل]]+Table6[[#This Row],[إجمالي سلك/وحدة]]+Table6[[#This Row],[إجمالي ماسورة/وحدة]]+Table6[[#This Row],[سعر العلبة /وحدة]] -> 153.5 | R36: =Table6[[#This Row],[★الوحدة]]*Table6[[#This Row],[الكمية]] -> 3070
A37: 28 | B37: 28 | C37: Type-L7 Circular Downlight 10.5W IP45 4000K | D37: 20 | E37: عدد | F37: علبة بلاستيك | G37: 9 | H37: PVC | I37: 5 | J37: 3 | K37: =Table6[[#This Row],[سعر/م]]*Table6[[#This Row],[طول/وحدة (م)]] -> 15 | L37: سلك إنارة | M37: =Table6[[#This Row],[طول/وحدة (م)]]*1.1 -> 5.5 | N37: 9 | O37: =Table6[[#This Row],[سعر/م.ط]]*Table6[[#This Row],[طول/وحدة (م.ط]] -> 49.5 | P37: 80 | Q37: =Table6[[#This Row],[تثبيت وتوصيل]]+Table6[[#This Row],[إجمالي سلك/وحدة]]+Table6[[#This Row],[إجمالي ماسورة/وحدة]]+Table6[[#This Row],[سعر العلبة /وحدة]] -> 153.5 | R37: =Table6[[#This Row],[★الوحدة]]*Table6[[#This Row],[الكمية]] -> 3070
A38: 29 | B38: 29 | C38: Type-L8 Circular Spot 5W 3000K | D38: 20 | E38: عدد | F38: علبة بلاستيك | G38: 9 | H38: PVC | I38: 5 | J38: 3 | K38: =Table6[[#This Row],[سعر/م]]*Table6[[#This Row],[طول/وحدة (م)]] -> 15 | L38: سلك إنارة | M38: =Table6[[#This Row],[طول/وحدة (م)]]*1.1 -> 5.5 | N38: 9 | O38: =Table6[[#This Row],[سعر/م.ط]]*Table6[[#This Row],[طول/وحدة (م.ط]] -> 49.5 | P38: 80 | Q38: =Table6[[#This Row],[تثبيت وتوصيل]]+Table6[[#This Row],[إجمالي سلك/وحدة]]+Table6[[#This Row],[إجمالي ماسورة/وحدة]]+Table6[[#This Row],[سعر العلبة /وحدة]] -> 153.5 | R38: =Table6[[#This Row],[★الوحدة]]*Table6[[#This Row],[الكمية]] -> 3070
A39: 30 | B39: 30 | C39: Type-L11 LED Panel 600×600 28W IP44 5000K | D39: 140 | E39: عدد | F39: علبة بلاستيك | G39: 9 | H39: PVC | I39: 5 | J39: 3 | K39: =Table6[[#This Row],[سعر/م]]*Table6[[#This Row],[طول/وحدة (م)]] -> 15 | L39: سلك إنارة | M39: =Table6[[#This Row],[طول/وحدة (م)]]*1.1 -> 5.5 | N39: 9 | O39: =Table6[[#This Row],[سعر/م.ط]]*Table6[[#This Row],[طول/وحدة (م.ط]] -> 49.5 | P39: 80 | Q39: =Table6[[#This Row],[تثبيت وتوصيل]]+Table6[[#This Row],[إجمالي سلك/وحدة]]+Table6[[#This Row],[إجمالي ماسورة/وحدة]]+Table6[[#This Row],[سعر العلبة /وحدة]] -> 153.5 | R39: =Table6[[#This Row],[★الوحدة]]*Table6[[#This Row],[الكمية]] -> 21490
A40: 31 | B40: 31 | C40: Type-L14B LED Linear 26W 1450مم IP22 4000K | D40: 30 | E40: عدد | F40: علبة بلاستيك | G40: 9 | H40: PVC | I40: 5 | J40: 3 | K40: =Table6[[#This Row],[سعر/م]]*Table6[[#This Row],[طول/وحدة (م)]] -> 15 | L40: سلك إنارة | M40: =Table6[[#This Row],[طول/وحدة (م)]]*1.1 -> 5.5 | N40: 9 | O40: =Table6[[#This Row],[سعر/م.ط]]*Table6[[#This Row],[طول/وحدة (م.ط]] -> 49.5 | P40: 80 | Q40: =Table6[[#This Row],[تثبيت وتوصيل]]+Table6[[#This Row],[إجمالي سلك/وحدة]]+Table6[[#This Row],[إجمالي ماسورة/وحدة]]+Table6[[#This Row],[سعر العلبة /وحدة]] -> 153.5 | R40: =Table6[[#This Row],[★الوحدة]]*Table6[[#This Row],[الكمية]] -> 4605
A41: 32 | B41: 32 | C41: Type-L15 LED Surface 36W مع بطارية احتياطية 6000K | D41: 6 | E41: عدد | F41: علبة بلاستيك | G41: 9 | H41: PVC | I41: 5 | J41: 3 | K41: =Table6[[#This Row],[سعر/م]]*Table6[[#This Row],[طول/وحدة (م)]] -> 15 | L41: سلك إنارة | M41: =Table6[[#This Row],[طول/وحدة (م)]]*1.1 -> 5.5 | N41: 9 | O41: =Table6[[#This Row],[سعر/م.ط]]*Table6[[#This Row],[طول/وحدة (م.ط]] -> 49.5 | P41: 80 | Q41: =Table6[[#This Row],[تثبيت وتوصيل]]+Table6[[#This Row],[إجمالي سلك/وحدة]]+Table6[[#This Row],[إجمالي ماسورة/وحدة]]+Table6[[#This Row],[سعر العلبة /وحدة]] -> 153.5 | R41: =Table6[[#This Row],[★الوحدة]]*Table6[[#This Row],[الكمية]] -> 921
A42: 33 | B42: 33 | C42: Type-L18 LED Cove Light مخفية 3000K | D42: 111 | E42: م.ط | F42: علبة بلاستيك | G42: 9 | H42: PVC | I42: 5 | J42: 3 | K42: =Table6[[#This Row],[سعر/م]]*Table6[[#This Row],[طول/وحدة (م)]] -> 15 | L42: سلك إنارة | M42: =Table6[[#This Row],[طول/وحدة (م)]]*1.1 -> 5.5 | N42: 9 | O42: =Table6[[#This Row],[سعر/م.ط]]*Table6[[#This Row],[طول/وحدة (م.ط]] -> 49.5 | R42: =Table6[[#This Row],[★الوحدة]]*Table6[[#This Row],[الكمية]] -> 0
A43: 34 | B43: 34 | C43: LED Power Supply IP20 240V/24V للـ L18 | D43: 12 | E43: عدد | F43: علبة بلاستيك | G43: 9 | H43: PVC | I43: 5 | J43: 3 | K43: =Table6[[#This Row],[سعر/م]]*Table6[[#This Row],[طول/وحدة (م)]] -> 15 | L43: سلك إنارة | M43: =Table6[[#This Row],[طول/وحدة (م)]]*1.1 -> 5.5 | N43: 9 | O43: =Table6[[#This Row],[سعر/م.ط]]*Table6[[#This Row],[طول/وحدة (م.ط]] -> 49.5 | P43: 90 | Q43: =Table6[[#This Row],[تثبيت وتوصيل]]+Table6[[#This Row],[إجمالي سلك/وحدة]]+Table6[[#This Row],[إجمالي ماسورة/وحدة]]+Table6[[#This Row],[سعر العلبة /وحدة]] -> 163.5 | R43: =Table6[[#This Row],[★الوحدة]]*Table6[[#This Row],[الكمية]] -> 1962
A44: 35 | B44: 35 | C44: زر لمس KNX تحكم إنارة | D44: 4 | E44: عدد | F44: علبة بلاستيك | G44: 9 | H44: PVC | I44: 5 | J44: 3 | K44: =Table6[[#This Row],[سعر/م]]*Table6[[#This Row],[طول/وحدة (م)]] -> 15 | L44: سلك إنارة | M44: =Table6[[#This Row],[طول/وحدة (م)]]*1.1 -> 5.5 | N44: 9 | O44: =Table6[[#This Row],[سعر/م.ط]]*Table6[[#This Row],[طول/وحدة (م.ط]] -> 49.5 | P44: 80 | Q44: =Table6[[#This Row],[تثبيت وتوصيل]]+Table6[[#This Row],[إجمالي سلك/وحدة]]+Table6[[#This Row],[إجمالي ماسورة/وحدة]]+Table6[[#This Row],[سعر العلبة /وحدة]] -> 153.5 | R44: =Table6[[#This Row],[★الوحدة]]*Table6[[#This Row],[الكمية]] -> 614
A45: 36 | B45: 36 | C45: لافتة مخرج طوارئ LED | D45: 12 | E45: عدد | F45: علبة بلاستيك | G45: 9 | H45: PVC | I45: 5 | J45: 3 | K45: =Table6[[#This Row],[سعر/م]]*Table6[[#This Row],[طول/وحدة (م)]] -> 15 | L45: سلك تغذية | M45: =Table6[[#This Row],[طول/وحدة (م)]]*1.1 -> 5.5 | N45: 9 | O45: =Table6[[#This Row],[سعر/م.ط]]*Table6[[#This Row],[طول/وحدة (م.ط]] -> 49.5 | P45: 80 | Q45: =Table6[[#This Row],[تثبيت وتوصيل]]+Table6[[#This Row],[إجمالي سلك/وحدة]]+Table6[[#This Row],[إجمالي ماسورة/وحدة]]+Table6[[#This Row],[سعر العلبة /وحدة]] -> 153.5 | R45: =Table6[[#This Row],[★الوحدة]]*Table6[[#This Row],[الكمية]] -> 1842
A46: 37 | B46: 37 | C46: نظام KNX كامل برنامج + IP-gateway + لوحات | D46: 1 | E46: LS | F46: وحدة / جهاز إنارة | G46: 27225 | I46: 5 | J46: 2475 | K46: =Table6[[#This Row],[سعر/م]]*Table6[[#This Row],[طول/وحدة (م)]] -> 12375 | N46: 1485 | O46: =Table6[[#This Row],[سعر/م.ط]]*Table6[[#This Row],[طول/وحدة (م.ط]] -> 0 | P46: 9900 | Q46: =Table6[[#This Row],[تثبيت وتوصيل]]+Table6[[#This Row],[إجمالي سلك/وحدة]]+Table6[[#This Row],[إجمالي ماسورة/وحدة]]+Table6[[#This Row],[سعر العلبة /وحدة]] -> 49500 | R46: =Table6[[#This Row],[★الوحدة]]*Table6[[#This Row],[الكمية]] -> 49500
A48: ◄ كابل تراي
A49: 38 | B49: 38 | C49: Cable Ladder 300×100مم | D49: 250 | E49: م.ط | F49: تراي / ليدر | G49: 148.5 | H49: حاملات / ملحقات | I49: 1 | J49: 9.9 | K49: =Table6[[#This Row],[سعر/م]]*Table6[[#This Row],[طول/وحدة (م)]] -> 9.9 | L49: تثبيت / ربط | M49: 1 | N49: 19.8 | O49: =Table6[[#This Row],[سعر/م.ط]]*Table6[[#This Row],[طول/وحدة (م.ط]] -> 19.8 | P49: 19.8
A50: 39 | B50: 39 | C50: Cable Tray 200×100مم | D50: 150 | E50: م.ط | F50: تراي / ليدر | G50: 99 | H50: حاملات / ملحقات | I50: 1 | J50: 6.6 | K50: =Table6[[#This Row],[سعر/م]]*Table6[[#This Row],[طول/وحدة (م)]] -> 6.6 | L50: تثبيت / ربط | M50: 1 | N50: 13.2 | O50: =Table6[[#This Row],[سعر/م.ط]]*Table6[[#This Row],[طول/وحدة (م.ط]] -> 13.2 | P50: 13.2
A51: 40 | B51: 40 | C51: Cable Tray 300×100مم | D51: 100 | E51: م.ط | F51: تراي / ليدر | G51: 148.5 | H51: حاملات / ملحقات | I51: 1 | J51: 9.9 | K51: =Table6[[#This Row],[سعر/م]]*Table6[[#This Row],[طول/وحدة (م)]] -> 9.9 | L51: تثبيت / ربط | M51: 1 | N51: 19.8 | O51: =Table6[[#This Row],[سعر/م.ط]]*Table6[[#This Row],[طول/وحدة (م.ط]] -> 19.8 | P51: 19.8
A52: 41 | B52: 41 | C52: Cable Trunking 200×100مم مع غطاء | D52: 150 | E52: م.ط | F52: تراي / ليدر | G52: 78.375 | H52: حاملات / ملحقات | I52: 1 | J52: 5.225 | K52: =Table6[[#This Row],[سعر/م]]*Table6[[#This Row],[طول/وحدة (م)]] -> 5.225 | L52: تثبيت / ربط | M52: 1 | N52: 10.45 | O52: =Table6[[#This Row],[سعر/م.ط]]*Table6[[#This Row],[طول/وحدة (م.ط]] -> 10.45 | P52: 10.45
A54: ◄ نظام إنذار الحريق FA
A55: 42 | B55: 42 | C55: Fire Alarm Conduit & Accessories - م.ط
A56: 43 | B56: 43 | C56: Fire Alarm Fire Rated Cables - م.ط | D56: 1090 | E56: م.ط | F56: توريد كابل
A57: 44 | B57: 44 | C57: Addressable Smoke Detector | D57: 70 | E57: عدد | F57: جهاز / لوحة FA | G57: 15 | H57: ماسورة / علب | I57: 7 | J57: 5 | K57: =Table6[[#This Row],[سعر/م]]*Table6[[#This Row],[طول/وحدة (م)]] -> 35 | L57: Fire Rated Cables | M57: =Table6[[#This Row],[طول/وحدة (م)]]*1.1 -> 7.7 | N57: 8 | O57: =Table6[[#This Row],[سعر/م.ط]]*Table6[[#This Row],[طول/وحدة (م.ط]] -> 61.6 | P57: 80 | Q57: =Table6[[#This Row],[تثبيت وتوصيل]]+Table6[[#This Row],[إجمالي سلك/وحدة]]+Table6[[#This Row],[إجمالي ماسورة/وحدة]]+Table6[[#This Row],[سعر العلبة /وحدة]] -> 191.6 | R57: =Table6[[#This Row],[★الوحدة]]*Table6[[#This Row],[الكمية]] -> 13412
A58: 45 | B58: 45 | C58: Multi Detector | D58: 4 | E58: عدد | F58: جهاز / لوحة FA | G58: 15 | H58: ماسورة / علب | I58: 7 | J58: 5 | K58: =Table6[[#This Row],[سعر/م]]*Table6[[#This Row],[طول/وحدة (م)]] -> 35 | L58: Fire Rated Cables | M58: =Table6[[#This Row],[طول/وحدة (م)]]*1.1 -> 7.7 | N58: 8 | O58: =Table6[[#This Row],[سعر/م.ط]]*Table6[[#This Row],[طول/وحدة (م.ط]] -> 61.6 | P58: 80 | Q58: =Table6[[#This Row],[تثبيت وتوصيل]]+Table6[[#This Row],[إجمالي سلك/وحدة]]+Table6[[#This Row],[إجمالي ماسورة/وحدة]]+Table6[[#This Row],[سعر العلبة /وحدة]] -> 191.6 | R58: =Table6[[#This Row],[★الوحدة]]*Table6[[#This Row],[الكمية]] -> 766.4
A59: 46 | B59: 46 | C59: Interface Unit | D59: 5 | E59: عدد | F59: جهاز / لوحة FA | G59: 15 | H59: ماسورة / علب | I59: 7 | J59: 5 | K59: =Table6[[#This Row],[سعر/م]]*Table6[[#This Row],[طول/وحدة (م)]] -> 35 | L59: Fire Rated Cables | M59: =Table6[[#This Row],[طول/وحدة (م)]]*1.1 -> 7.7 | N59: 8 | O59: =Table6[[#This Row],[سعر/م.ط]]*Table6[[#This Row],[طول/وحدة (م.ط]] -> 61.6 | P59: 80 | Q59: =Table6[[#This Row],[تثبيت وتوصيل]]+Table6[[#This Row],[إجمالي سلك/وحدة]]+Table6[[#This Row],[إجمالي ماسورة/وحدة]]+Table6[[#This Row],[سعر العلبة /وحدة]] -> 191.6 | R59: =Table6[[#This Row],[★الوحدة]]*Table6[[#This Row],[الكمية]] -> 958
A60: 47 | B60: 47 | C60: Manual Call Station | D60: 10 | E60: عدد | F60: جهاز / لوحة FA | G60: 15 | H60: ماسورة / علب | I60: 7 | J60: 5 | K60: =Table6[[#This Row],[سعر/م]]*Table6[[#This Row],[طول/وحدة (م)]] -> 35 | L60: Fire Rated Cables | M60: =Table6[[#This Row],[طول/وحدة (م)]]*1.1 -> 7.7 | N60: 8 | O60: =Table6[[#This Row],[سعر/م.ط]]*Table6[[#This Row],[طول/وحدة (م.ط]] -> 61.6 | P60: 80 | Q60: =Table6[[#This Row],[تثبيت وتوصيل]]+Table6[[#This Row],[إجمالي سلك/وحدة]]+Table6[[#This Row],[إجمالي ماسورة/وحدة]]+Table6[[#This Row],[سعر العلبة /وحدة]] -> 191.6 | R60: =Table6[[#This Row],[★الوحدة]]*Table6[[#This Row],[الكمية]] -> 1916
A61: 48 | B61: 48 | C61: Sounder / Flasher | D61: 10 | E61: عدد | F61: جهاز / لوحة FA | G61: 15 | H61: ماسورة / علب | I61: 7 | J61: 5 | K61: =Table6[[#This Row],[سعر/م]]*Table6[[#This Row],[طول/وحدة (م)]] -> 35 | L61: Fire Rated Cables | M61: =Table6[[#This Row],[طول/وحدة (م)]]*1.1 -> 7.7 | N61: 8 | O61: =Table6[[#This Row],[سعر/م.ط]]*Table6[[#This Row],[طول/وحدة (م.ط]] -> 61.6 | P61: 80 | Q61: =Table6[[#This Row],[تثبيت وتوصيل]]+Table6[[#This Row],[إجمالي سلك/وحدة]]+Table6[[#This Row],[إجمالي ماسورة/وحدة]]+Table6[[#This Row],[سعر العلبة /وحدة]] -> 191.6 | R61: =Table6[[#This Row],[★الوحدة]]*Table6[[#This Row],[الكمية]] -> 1916
A62: 49 | B62: 49 | C62: Monitoring Module | D62: 8 | E62: عدد | F62: جهاز / لوحة FA | G62: 15 | H62: ماسورة / علب | I62: 7 | J62: 5 | K62: =Table6[[#This Row],[سعر/م]]*Table6[[#This Row],[طول/وحدة (م)]] -> 35 | L62: Fire Rated Cables | M62: =Table6[[#This Row],[طول/وحدة (م)]]*1.1 -> 7.7 | N62: 8 | O62: =Table6[[#This Row],[سعر/م.ط]]*Table6[[#This Row],[طول/وحدة (م.ط]] -> 61.6 | P62: 80 | Q62: =Table6[[#This Row],[تثبيت وتوصيل]]+Table6[[#This Row],[إجمالي سلك/وحدة]]+Table6[[#This Row],[إجمالي ماسورة/وحدة]]+Table6[[#This Row],[سعر العلبة /وحدة]] -> 191.6 | R62: =Table6[[#This Row],[★الوحدة]]*Table6[[#This Row],[الكمية]] -> 1532.8
A63: 50 | B63: 50 | C63: Fire Alarm Control Panel 4 Loops Addressable | D63: 1 | E63: عدد | F63: جهاز / لوحة FA
A64: 51 | B64: 51 | C64: Graphical Visualisation Software License 1 Panel | D64: 1 | E64: عدد | F64: جهاز / لوحة FA
A65: 52 | B65: 52 | C65: Testing Commissioning & Programming FA | D65: 1 | E65: عدد | F65: جهاز / لوحة FA
A66: 53 | B66: 53 | C66: Civil Defence Third Party Supervision | D66: 1 | E66: عدد | F66: جهاز / لوحة FA
A68: الإجمالي الكلي لتكلفة OUTLET | R68: =SUBTOTAL(109,R2:R67) -> 239418.4

Sheet بريك داون تيار خفيف
A1: م | B1: رقم البند | C1: وصف البند | D1: الكمية | E1: الوحدة | F1: نوع العلبة | G1: سعر العلبة /وحدة | H1: نوع الماسورة | I1: طول/وحدة (م) | J1: سعر/م | K1: إجمالي ماسورة/وحدة | L1: نوع السلك | M1: طول/وحدة (م)2 | N1: سعر/م.ط | O1: إجمالي سلك/وحدة | P1: تثبيت وتوصيل | Q1: ★الوحدة | R1: ★الإجمالي
A3: ◄ نظام الإذاعة PA والإخلاء
A4: 1 | B4: 1 | C4: Ceiling Speaker L-VCP06A/EN 6W EN54 | D4: 32 | E4: عدد | F4: EMT | G4: 15 | H4: EMT | I4: 6 | J4: 5 | K4: =Table7[[#This Row],[سعر/م]]*Table7[[#This Row],[سعر العلبة /وحدة]] -> 75 | L4: 2x2.5mm2 cables | M4: =1.1*Table7[[#This Row],[طول/وحدة (م)]] -> 6.6 | N4: 8 | O4: =Table7[[#This Row],[سعر/م.ط]]*Table7[[#This Row],[طول/وحدة (م)2]] -> 52.8 | Q4: =Table7[[#This Row],[تثبيت وتوصيل]]+Table7[[#This Row],[إجمالي سلك/وحدة]]+Table7[[#This Row],[إجمالي ماسورة/وحدة]]+Table7[[#This Row],[سعر العلبة /وحدة]] -> 142.8 | R4: =Table7[[#This Row],[★الوحدة]]*Table7[[#This Row],[الكمية]] -> 4569.6
A5: 2 | B5: 2 | C5: Wall Speaker L-VWM06A 6W Metal EN54 | D5: 4 | E5: عدد | F5: EMT | G5: 15 | H5: EMT | I5: 6 | J5: 5 | K5: =Table7[[#This Row],[سعر/م]]*Table7[[#This Row],[سعر العلبة /وحدة]] -> 75 | L5: 2x2.5mm2 cables | M5: =1.1*Table7[[#This Row],[طول/وحدة (م)]] -> 6.6 | N5: 8 | O5: =Table7[[#This Row],[سعر/م.ط]]*Table7[[#This Row],[طول/وحدة (م)2]] -> 52.8 | Q5: =Table7[[#This Row],[تثبيت وتوصيل]]+Table7[[#This Row],[إجمالي سلك/وحدة]]+Table7[[#This Row],[إجمالي ماسورة/وحدة]]+Table7[[#This Row],[سعر العلبة /وحدة]] -> 142.8 | R5: =Table7[[#This Row],[★الوحدة]]*Table7[[#This Row],[الكمية]] -> 571.2
A6: 3 | B6: 3 | C6: Horn Speaker L-PHP30A 30/15W | D6: 8 | E6: عدد | F6: EMT | G6: 15 | H6: EMT | I6: 6 | J6: 5 | K6: =Table7[[#This Row],[سعر/م]]*Table7[[#This Row],[سعر العلبة /وحدة]] -> 75 | L6: 2x2.5mm2 cables | M6: =1.1*Table7[[#This Row],[طول/وحدة (م)]] -> 6.6 | N6: 8 | O6: =Table7[[#This Row],[سعر/م.ط]]*Table7[[#This Row],[طول/وحدة (م)2]] -> 52.8 | Q6: =Table7[[#This Row],[تثبيت وتوصيل]]+Table7[[#This Row],[إجمالي سلك/وحدة]]+Table7[[#This Row],[إجمالي ماسورة/وحدة]]+Table7[[#This Row],[سعر العلبة /وحدة]] -> 142.8 | R6: =Table7[[#This Row],[★الوحدة]]*Table7[[#This Row],[الكمية]] -> 1142.4
A7: 4 | B7: 4 | C7: Volume Control Switch 60W أبيض | D7: 6 | E7: عدد | F7: EMT | G7: 15 | H7: EMT | I7: 6 | J7: 5 | K7: =Table7[[#This Row],[سعر/م]]*Table7[[#This Row],[سعر العلبة /وحدة]] -> 75 | L7: 2x2.5mm2 cables | M7: =1.1*Table7[[#This Row],[طول/وحدة (م)]] -> 6.6 | N7: 8 | O7: =Table7[[#This Row],[سعر/م.ط]]*Table7[[#This Row],[طول/وحدة (م)2]] -> 52.8 | Q7: =Table7[[#This Row],[تثبيت وتوصيل]]+Table7[[#This Row],[إجمالي سلك/وحدة]]+Table7[[#This Row],[إجمالي ماسورة/وحدة]]+Table7[[#This Row],[سعر العلبة /وحدة]] -> 142.8 | R7: =Table7[[#This Row],[★الوحدة]]*Table7[[#This Row],[الكمية]] -> 856.8
A9: ◄ نظام MATV
A10: 8 | B10: 8 | C10: MATV Conduit & Accessories | D10: 850 | E10: م.ط | F10: علبة + جهاز | G10: 4.95 | H10: ماسورة / ترنك | I10: 3 | J10: 1.65 | K10: =Table7[[#This Row],[سعر/م]]*Table7[[#This Row],[طول/وحدة (م)]] -> 4.95 | L10: سلك تغذية | M10: 4 | N10: 0.99 | O10: =Table7[[#This Row],[سعر/م.ط]]*Table7[[#This Row],[طول/وحدة (م)2]] -> 3.96 | P10: 5.94 | Q10: =Table7[[#This Row],[تثبيت وتوصيل]]+Table7[[#This Row],[إجمالي سلك/وحدة]]+Table7[[#This Row],[إجمالي ماسورة/وحدة]]+Table7[[#This Row],[سعر العلبة /وحدة]] -> 19.8 | R10: =Table7[[#This Row],[★الوحدة]]*Table7[[#This Row],[الكمية]] -> 16830
A11: 9 | B11: 9 | C11: MATV Coaxial Cables | D11: 1200 | E11: م.ط | F11: توريد كابل | G11: 11.22 | H11: حماية / مسار | I11: 1 | J11: 0.66 | K11: =Table7[[#This Row],[سعر/م]]*Table7[[#This Row],[طول/وحدة (م)]] -> 0.66 | L11: نهايات / | M11: 1 | N11: 0.66 | O11: =Table7[[#This Row],[سعر/م.ط]]*Table7[[#This Row],[طول/وحدة (م)2]] -> 0.66 | P11: 0.66 | Q11: =Table7[[#This Row],[تثبيت وتوصيل]]+Table7[[#This Row],[إجمالي سلك/وحدة]]+Table7[[#This Row],[إجمالي ماسورة/وحدة]]+Table7[[#This Row],[سعر العلبة /وحدة]] -> 13.2 | R11: =Table7[[#This Row],[★الوحدة]]*Table7[[#This Row],[الكمية]] -> 15840
A12: 10 | B12: 10 | C12: RF Amplifier | D12: 2 | E12: عدد | F12: جهاز / وحدة | G12: 1430 | H12: دكت / مسار | I12: 1 | J12: 220 | K12: =Table7[[#This Row],[سعر/م]]*Table7[[#This Row],[طول/وحدة (م)]] -> 220 | L12: توصيل / برمجة | M12: 1 | N12: 220 | O12: =Table7[[#This Row],[سعر/م.ط]]*Table7[[#This Row],[طول/وحدة (م)2]] -> 220 | P12: 330 | Q12: =Table7[[#This Row],[تثبيت وتوصيل]]+Table7[[#This Row],[إجمالي سلك/وحدة]]+Table7[[#This Row],[إجمالي ماسورة/وحدة]]+Table7[[#This Row],[سعر العلبة /وحدة]] -> 2200 | R12: =Table7[[#This Row],[★الوحدة]]*Table7[[#This Row],[الكمية]] -> 4400
A13: 11 | B13: 11 | C13: RF Splitter 1:8 | D13: 2 | E13: عدد | F13: جهاز / وحدة | G13: 357.5 | H13: دكت / مسار | I13: 1 | J13: 55 | K13: =Table7[[#This Row],[سعر/م]]*Table7[[#This Row],[طول/وحدة (م)]] -> 55 | L13: توصيل / برمجة | M13: 1 | N13: 55 | O13: =Table7[[#This Row],[سعر/م.ط]]*Table7[[#This Row],[طول/وحدة (م)2]] -> 55 | P13: 82.5 | Q13: =Table7[[#This Row],[تثبيت وتوصيل]]+Table7[[#This Row],[إجمالي سلك/وحدة]]+Table7[[#This Row],[إجمالي ماسورة/وحدة]]+Table7[[#This Row],[سعر العلبة /وحدة]] -> 550 | R13: =Table7[[#This Row],[★الوحدة]]*Table7[[#This Row],[الكمية]] -> 1100
A14: 12 | B14: 12 | C14: TV Outlet RF | D14: 10 | E14: عدد | F14: علبة + جهاز | G14: 77 | H14: ماسورة / ترنك | I14: 3 | J14: 25.667 | K14: =Table7[[#This Row],[سعر/م]]*Table7[[#This Row],[طول/وحدة (م)]] -> 77.001 | L14: سلك تغذية | M14: 4 | N14: 15.4 | O14: =Table7[[#This Row],[سعر/م.ط]]*Table7[[#This Row],[طول/وحدة (م)2]] -> 61.6 | P14: 92.4 | Q14: =Table7[[#This Row],[تثبيت وتوصيل]]+Table7[[#This Row],[إجمالي سلك/وحدة]]+Table7[[#This Row],[إجمالي ماسورة/وحدة]]+Table7[[#This Row],[سعر العلبة /وحدة]] -> 308.001 | R14: =Table7[[#This Row],[★الوحدة]]*Table7[[#This Row],[الكمية]] -> 3080.01
A15: 13 | B15: 13 | C15: Power Supply for Amplifier | D15: 2 | E15: عدد | F15: جهاز / وحدة | G15: 286 | H15: دكت / مسار | I15: 1 | J15: 44 | K15: =Table7[[#This Row],[سعر/م]]*Table7[[#This Row],[طول/وحدة (م)]] -> 44 | L15: توصيل / برمجة | M15: 1 | N15: 44 | O15: =Table7[[#This Row],[سعر/م.ط]]*Table7[[#This Row],[طول/وحدة (م)2]] -> 44 | P15: 66 | Q15: =Table7[[#This Row],[تثبيت وتوصيل]]+Table7[[#This Row],[إجمالي سلك/وحدة]]+Table7[[#This Row],[إجمالي ماسورة/وحدة]]+Table7[[#This Row],[سعر العلبة /وحدة]] -> 440 | R15: =Table7[[#This Row],[★الوحدة]]*Table7[[#This Row],[الكمية]] -> 880
A16: 14 | B16: 14 | C16: Samsung 50" Smart Screen | D16: 4 | E16: عدد | F16: جهاز / وحدة | G16: 2145 | H16: دكت / مسار | I16: 1 | J16: 330 | K16: =Table7[[#This Row],[سعر/م]]*Table7[[#This Row],[طول/وحدة (م)]] -> 330 | L16: توصيل / برمجة | M16: 1 | N16: 330 | O16: =Table7[[#This Row],[سعر/م.ط]]*Table7[[#This Row],[طول/وحدة (م)2]] -> 330 | P16: 495 | Q16: =Table7[[#This Row],[تثبيت وتوصيل]]+Table7[[#This Row],[إجمالي سلك/وحدة]]+Table7[[#This Row],[إجمالي ماسورة/وحدة]]+Table7[[#This Row],[سعر العلبة /وحدة]] -> 3300 | R16: =Table7[[#This Row],[★الوحدة]]*Table7[[#This Row],[الكمية]] -> 13200
A17: 15 | B17: 15 | C17: Samsung 70" Smart Screen | D17: 2 | E17: عدد | F17: جهاز / وحدة | G17: 3217.5 | H17: دكت / مسار | I17: 1 | J17: 495 | K17: =Table7[[#This Row],[سعر/م]]*Table7[[#This Row],[طول/وحدة (م)]] -> 495 | L17: توصيل / برمجة | M17: 1 | N17: 495 | O17: =Table7[[#This Row],[سعر/م.ط]]*Table7[[#This Row],[طول/وحدة (م)2]] -> 495 | P17: 742.5 | Q17: =Table7[[#This Row],[تثبيت وتوصيل]]+Table7[[#This Row],[إجمالي سلك/وحدة]]+Table7[[#This Row],[إجمالي ماسورة/وحدة]]+Table7[[#This Row],[سعر العلبة /وحدة]] -> 4950 | R17: =Table7[[#This Row],[★الوحدة]]*Table7[[#This Row],[الكمية]] -> 9900
A18: 16 | B18: 16 | C18: T&C MATV | D18: 1 | E18: LS | F18: جهاز / وحدة | G18: 2145 | H18: دكت / مسار | I18: 1 | J18: 330 | K18: =Table7[[#This Row],[سعر/م]]*Table7[[#This Row],[طول/وحدة (م)]] -> 330 | L18: توصيل / برمجة | M18: 1 | N18: 330 | O18: =Table7[[#This Row],[سعر/م.ط]]*Table7[[#This Row],[طول/وحدة (م)2]] -> 330 | P18: 495 | Q18: =Table7[[#This Row],[تثبيت وتوصيل]]+Table7[[#This Row],[إجمالي سلك/وحدة]]+Table7[[#This Row],[إجمالي ماسورة/وحدة]]+Table7[[#This Row],[سعر العلبة /وحدة]] -> 3300 | R18: =Table7[[#This Row],[★الوحدة]]*Table7[[#This Row],[الكمية]] -> 3300
A20: ◄ نظام الساعات Master Clock
A21: 26 | B21: 26 | C21: Clock Points Conduit | D21: 650 | E21: م.ط | F21: علبة + جهاز | G21: 15 | H21: EMT | I21: 40 | J21: 5 | K21: =Table7[[#This Row],[سعر/م]]*Table7[[#This Row],[طول/وحدة (م)]] -> 200 | L21: CAT6A | M21: =1.1*Table7[[#This Row],[طول/وحدة (م)]] -> 44 | N21: 4 | O21: =Table7[[#This Row],[سعر/م.ط]]*Table7[[#This Row],[طول/وحدة (م)2]] -> 176
A22: 27 | B22: 27 | C22: Clock CAT6A Cables | D22: 1100 | E22: م.ط | F22: توريد كابل | G22: 14.025 | H22: EMT | I22: 40 | J22: 5 | K22: =Table7[[#This Row],[سعر/م]]*Table7[[#This Row],[طول/وحدة (م)]] -> 200 | L22: CAT6A | M22: =1.1*Table7[[#This Row],[طول/وحدة (م)]] -> 44 | N22: 4 | O22: =Table7[[#This Row],[سعر/م.ط]]*Table7[[#This Row],[طول/وحدة (م)2]] -> 176
A23: 28 | B23: 28 | C23: Sapling Single-Side Digital IP Clock POE | D23: 4 | E23: عدد | F23: جهاز / وحدة | G23: 858 | H23: EMT | I23: 40 | J23: 5 | K23: =Table7[[#This Row],[سعر/م]]*Table7[[#This Row],[طول/وحدة (م)]] -> 200 | L23: CAT6A | M23: =1.1*Table7[[#This Row],[طول/وحدة (م)]] -> 44 | N23: 4 | O23: =Table7[[#This Row],[سعر/م.ط]]*Table7[[#This Row],[طول/وحدة (م)2]] -> 176
A24: 29 | B24: 29 | C24: Double Mount Housing | D24: 2 | E24: عدد | F24: جهاز / وحدة | G24: 321.75 | H24: EMT | I24: 40 | J24: 5 | K24: =Table7[[#This Row],[سعر/م]]*Table7[[#This Row],[طول/وحدة (م)]] -> 200 | L24: CAT6A | M24: =1.1*Table7[[#This Row],[طول/وحدة (م)]] -> 44 | N24: 4 | O24: =Table7[[#This Row],[سعر/م.ط]]*Table7[[#This Row],[طول/وحدة (م)2]] -> 176
A25: 30 | B25: 30 | C25: GPS Antenna | D25: 1 | E25: عدد | F25: جهاز / وحدة | G25: 715 | H25: EMT | I25: 40 | J25: 5 | K25: =Table7[[#This Row],[سعر/م]]*Table7[[#This Row],[طول/وحدة (م)]] -> 200 | L25: CAT6A | M25: =1.1*Table7[[#This Row],[طول/وحدة (م)]] -> 44 | N25: 4 | O25: =Table7[[#This Row],[سعر/م.ط]]*Table7[[#This Row],[طول/وحدة (م)2]] -> 176
A27: ◄ نظام CCTV
A28: 17 | B28: 17 | C28: CCTV Conduit & Accessories | D28: 560 | E28: م.ط | F28: جهاز / وحدة | G28: 14.3 | H28: دكت / مسار | I28: 1 | J28: 2.2 | K28: =Table7[[#This Row],[سعر/م]]*Table7[[#This Row],[طول/وحدة (م)]] -> 2.2 | L28: توصيل / برمجة | M28: 1 | N28: 2.2 | O28: =Table7[[#This Row],[سعر/م.ط]]*Table7[[#This Row],[طول/وحدة (م)2]] -> 2.2 | P28: 3.3 | Q28: =Table7[[#This Row],[تثبيت وتوصيل]]+Table7[[#This Row],[إجمالي سلك/وحدة]]+Table7[[#This Row],[إجمالي ماسورة/وحدة]]+Table7[[#This Row],[سعر العلبة /وحدة]] -> 22 | R28: =Table7[[#This Row],[★الوحدة]]*Table7[[#This Row],[الكمية]] -> 12320
A29: 18 | B29: 18 | C29: CCTV CAT6A Cables | D29: 800 | E29: م.ط | F29: توريد كابل | G29: 14.025 | H29: حماية / مسار | I29: 1 | J29: 0.825 | K29: =Table7[[#This Row],[سعر/م]]*Table7[[#This Row],[طول/وحدة (م)]] -> 0.825 | L29: نهايات / | M29: 1 | N29: 0.825 | O29: =Table7[[#This Row],[سعر/م.ط]]*Table7[[#This Row],[طول/وحدة (م)2]] -> 0.825 | P29: 0.825 | Q29: =Table7[[#This Row],[تثبيت وتوصيل]]+Table7[[#This Row],[إجمالي سلك/وحدة]]+Table7[[#This Row],[إجمالي ماسورة/وحدة]]+Table7[[#This Row],[سعر العلبة /وحدة]] -> 16.5 | R29: =Table7[[#This Row],[★الوحدة]]*Table7[[#This Row],[الكمية]] -> 13200
A30: 19 | B30: 19 | C30: Dome Camera Fixed IP IP66 | D30: 8 | E30: عدد | F30: جهاز / وحدة | G30: 1072.5 | H30: دكت / مسار | I30: 1 | J30: 165 | K30: =Table7[[#This Row],[سعر/م]]*Table7[[#This Row],[طول/وحدة (م)]] -> 165 | L30: توصيل / برمجة | M30: 1 | N30: 165 | O30: =Table7[[#This Row],[سعر/م.ط]]*Table7[[#This Row],[طول/وحدة (م)2]] -> 165 | P30: 247.5 | Q30: =Table7[[#This Row],[تثبيت وتوصيل]]+Table7[[#This Row],[إجمالي سلك/وحدة]]+Table7[[#This Row],[إجمالي ماسورة/وحدة]]+Table7[[#This Row],[سعر العلبة /وحدة]] -> 1650 | R30: =Table7[[#This Row],[★الوحدة]]*Table7[[#This Row],[الكمية]] -> 13200
A31: 20 | B31: 20 | C31: Bullet Camera Fixed IP IP66 | D31: 4 | E31: عدد | F31: جهاز / وحدة | G31: 1287 | H31: دكت / مسار | I31: 1 | J31: 198 | K31: =Table7[[#This Row],[سعر/م]]*Table7[[#This Row],[طول/وحدة (م)]] -> 198 | L31: توصيل / برمجة | M31: 1 | N31: 198 | O31: =Table7[[#This Row],[سعر/م.ط]]*Table7[[#This Row],[طول/وحدة (م)2]] -> 198 | P31: 297 | Q31: =Table7[[#This Row],[تثبيت وتوصيل]]+Table7[[#This Row],[إجمالي سلك/وحدة]]+Table7[[#This Row],[إجمالي ماسورة/وحدة]]+Table7[[#This Row],[سعر العلبة /وحدة]] -> 1980 | R31: =Table7[[#This Row],[★الوحدة]]*Table7[[#This Row],[الكمية]] -> 7920
A32: 21 | B32: 21 | C32: Workstation كاملة | D32: 1 | E32: عدد | F32: جهاز / وحدة | G32: 5720 | H32: دكت / مسار | I32: 1 | J32: 880 | K32: =Table7[[#This Row],[سعر/م]]*Table7[[#This Row],[طول/وحدة (م)]] -> 880 | L32: توصيل / برمجة | M32: 1 | N32: 880 | O32: =Table7[[#This Row],[سعر/م.ط]]*Table7[[#This Row],[طول/وحدة (م)2]] -> 880 | P32: 1320 | Q32: =Table7[[#This Row],[تثبيت وتوصيل]]+Table7[[#This Row],[إجمالي سلك/وحدة]]+Table7[[#This Row],[إجمالي ماسورة/وحدة]]+Table7[[#This Row],[سعر العلبة /وحدة]] -> 8800 | R32: =Table7[[#This Row],[★الوحدة]]*Table7[[#This Row],[الكمية]] -> 8800
A33: 22 | B33: 22 | C33: NVR with License | D33: 1 | E33: عدد | F33: جهاز / وحدة | G33: 7150 | H33: دكت / مسار | I33: 1 | J33: 1100 | K33: =Table7[[#This Row],[سعر/م]]*Table7[[#This Row],[طول/وحدة (م)]] -> 1100 | L33: توصيل / برمجة | M33: 1 | N33: 1100 | O33: =Table7[[#This Row],[سعر/م.ط]]*Table7[[#This Row],[طول/وحدة (م)2]] -> 1100 | P33: 1650 | Q33: =Table7[[#This Row],[تثبيت وتوصيل]]+Table7[[#This Row],[إجمالي سلك/وحدة]]+Table7[[#This Row],[إجمالي ماسورة/وحدة]]+Table7[[#This Row],[سعر العلبة /وحدة]] -> 11000 | R33: =Table7[[#This Row],[★الوحدة]]*Table7[[#This Row],[الكمية]] -> 11000
A34: 23 | B34: 23 | C34: Cabinet CCTV | D34: 1 | E34: عدد | F34: جهاز / وحدة | G34: 1430 | H34: دكت / مسار | I34: 1 | J34: 220 | K34: =Table7[[#This Row],[سعر/م]]*Table7[[#This Row],[طول/وحدة (م)]] -> 220 | L34: توصيل / برمجة | M34: 1 | N34: 220 | O34: =Table7[[#This Row],[سعر/م.ط]]*Table7[[#This Row],[طول/وحدة (م)2]] -> 220 | P34: 330 | Q34: =Table7[[#This Row],[تثبيت وتوصيل]]+Table7[[#This Row],[إجمالي سلك/وحدة]]+Table7[[#This Row],[إجمالي ماسورة/وحدة]]+Table7[[#This Row],[سعر العلبة /وحدة]] -> 2200 | R34: =Table7[[#This Row],[★الوحدة]]*Table7[[#This Row],[الكمية]] -> 2200
A35: 24 | B35: 24 | C35: Hard Disk 3 Months Backup | D35: 1 | E35: LS | F35: جهاز / وحدة | G35: 3575 | H35: دكت / مسار | I35: 1 | J35: 550 | K35: =Table7[[#This Row],[سعر/م]]*Table7[[#This Row],[طول/وحدة (م)]] -> 550 | L35: توصيل / برمجة | M35: 1 | N35: 550 | O35: =Table7[[#This Row],[سعر/م.ط]]*Table7[[#This Row],[طول/وحدة (م)2]] -> 550 | P35: 825 | Q35: =Table7[[#This Row],[تثبيت وتوصيل]]+Table7[[#This Row],[إجمالي سلك/وحدة]]+Table7[[#This Row],[إجمالي ماسورة/وحدة]]+Table7[[#This Row],[سعر العلبة /وحدة]] -> 5500 | R35: =Table7[[#This Row],[★الوحدة]]*Table7[[#This Row],[الكمية]] -> 5500
A36: 25 | B36: 25 | C36: Configuration T&C CCTV | D36: 1 | E36: LS | F36: جهاز / وحدة | G36: 2860 | H36: دكت / مسار | I36: 1 | J36: 440 | K36: =Table7[[#This Row],[سعر/م]]*Table7[[#This Row],[طول/وحدة (م)]] -> 440 | L36: توصيل / برمجة | M36: 1 | N36: 440 | O36: =Table7[[#This Row],[سعر/م.ط]]*Table7[[#This Row],[طول/وحدة (م)2]] -> 440 | P36: 660 | Q36: =Table7[[#This Row],[تثبيت وتوصيل]]+Table7[[#This Row],[إجمالي سلك/وحدة]]+Table7[[#This Row],[إجمالي ماسورة/وحدة]]+Table7[[#This Row],[سعر العلبة /وحدة]] -> 4400 | R36: =Table7[[#This Row],[★الوحدة]]*Table7[[#This Row],[الكمية]] -> 4400
A38: ◄ نظام اللافتات الرقمية Digital Signage
A39: 33 | B39: 33 | C39: Digital Signage Conduit | D39: 2300 | E39: م.ط | F39: جهاز / وحدة | G39: 12.87 | H39: دكت / مسار | I39: 1 | J39: 1.98 | K39: =Table7[[#This Row],[سعر/م]]*Table7[[#This Row],[طول/وحدة (م)]] -> 1.98 | L39: توصيل / برمجة | M39: 1 | N39: 1.98 | O39: =Table7[[#This Row],[سعر/م.ط]]*Table7[[#This Row],[طول/وحدة (م)2]] -> 1.98 | P39: 2.97 | Q39: =Table7[[#This Row],[تثبيت وتوصيل]]+Table7[[#This Row],[إجمالي سلك/وحدة]]+Table7[[#This Row],[إجمالي ماسورة/وحدة]]+Table7[[#This Row],[سعر العلبة /وحدة]] -> 19.8 | R39: =Table7[[#This Row],[★الوحدة]]*Table7[[#This Row],[الكمية]] -> 45540
A40: 34 | B40: 34 | C40: Digital Signage CAT6A Cables | D40: 3900 | E40: م.ط | F40: توريد كابل | G40: 14.025 | H40: حماية / مسار | I40: 1 | J40: 0.825 | K40: =Table7[[#This Row],[سعر/م]]*Table7[[#This Row],[طول/وحدة (م)]] -> 0.825 | L40: نهايات / | M40: 1 | N40: 0.825 | O40: =Table7[[#This Row],[سعر/م.ط]]*Table7[[#This Row],[طول/وحدة (م)2]] -> 0.825 | P40: 0.825 | Q40: =Table7[[#This Row],[تثبيت وتوصيل]]+Table7[[#This Row],[إجمالي سلك/وحدة]]+Table7[[#This Row],[إجمالي ماسورة/وحدة]]+Table7[[#This Row],[سعر العلبة /وحدة]] -> 16.5 | R40: =Table7[[#This Row],[★الوحدة]]*Table7[[#This Row],[الكمية]] -> 64350
A41: 35 | B41: 35 | C41: Waiting Area Samsung 55" Display | D41: 6 | E41: عدد | F41: جهاز / وحدة | G41: 2359.5 | H41: دكت / مسار | I41: 1 | J41: 363 | K41: =Table7[[#This Row],[سعر/م]]*Table7[[#This Row],[طول/وحدة (م)]] -> 363 | L41: توصيل / برمجة | M41: 1 | N41: 363 | O41: =Table7[[#This Row],[سعر/م.ط]]*Table7[[#This Row],[طول/وحدة (م)2]] -> 363 | P41: 544.5 | Q41: =Table7[[#This Row],[تثبيت وتوصيل]]+Table7[[#This Row],[إجمالي سلك/وحدة]]+Table7[[#This Row],[إجمالي ماسورة/وحدة]]+Table7[[#This Row],[سعر العلبة /وحدة]] -> 3630 | R41: =Table7[[#This Row],[★الوحدة]]*Table7[[#This Row],[الكمية]] -> 21780
A42: 36 | B42: 36 | C42: Bracket 55" Display | D42: 6 | E42: عدد | F42: جهاز / وحدة | G42: 250.25 | H42: دكت / مسار | I42: 1 | J42: 38.5 | K42: =Table7[[#This Row],[سعر/م]]*Table7[[#This Row],[طول/وحدة (م)]] -> 38.5 | L42: توصيل / برمجة | M42: 1 | N42: 38.5 | O42: =Table7[[#This Row],[سعر/م.ط]]*Table7[[#This Row],[طول/وحدة (م)2]] -> 38.5 | P42: 57.75 | Q42: =Table7[[#This Row],[تثبيت وتوصيل]]+Table7[[#This Row],[إجمالي سلك/وحدة]]+Table7[[#This Row],[إجمالي ماسورة/وحدة]]+Table7[[#This Row],[سعر العلبة /وحدة]] -> 385 | R42: =Table7[[#This Row],[★الوحدة]]*Table7[[#This Row],[الكمية]] -> 2310
A43: 37 | B43: 37 | C43: Operational Display 55" OD | D43: 2 | E43: عدد | F43: جهاز / وحدة | G43: 2359.5 | H43: دكت / مسار | I43: 1 | J43: 363 | K43: =Table7[[#This Row],[سعر/م]]*Table7[[#This Row],[طول/وحدة (م)]] -> 363 | L43: توصيل / برمجة | M43: 1 | N43: 363 | O43: =Table7[[#This Row],[سعر/م.ط]]*Table7[[#This Row],[طول/وحدة (م)2]] -> 363 | P43: 544.5 | Q43: =Table7[[#This Row],[تثبيت وتوصيل]]+Table7[[#This Row],[إجمالي سلك/وحدة]]+Table7[[#This Row],[إجمالي ماسورة/وحدة]]+Table7[[#This Row],[سعر العلبة /وحدة]] -> 3630 | R43: =Table7[[#This Row],[★الوحدة]]*Table7[[#This Row],[الكمية]] -> 7260
A44: 38 | B44: 38 | C44: Bracket Operational Display | D44: 2 | E44: عدد | F44: جهاز / وحدة | G44: 250.25 | H44: دكت / مسار | I44: 1 | J44: 38.5 | K44: =Table7[[#This Row],[سعر/م]]*Table7[[#This Row],[طول/وحدة (م)]] -> 38.5 | L44: توصيل / برمجة | M44: 1 | N44: 38.5 | O44: =Table7[[#This Row],[سعر/م.ط]]*Table7[[#This Row],[طول/وحدة (م)2]] -> 38.5 | P44: 57.75 | Q44: =Table7[[#This Row],[تثبيت وتوصيل]]+Table7[[#This Row],[إجمالي سلك/وحدة]]+Table7[[#This Row],[إجمالي ماسورة/وحدة]]+Table7[[#This Row],[سعر العلبة /وحدة]] -> 385 | R44: =Table7[[#This Row],[★الوحدة]]*Table7[[#This Row],[الكمية]] -> 770
A45: 39 | B45: 39 | C45: Directory Listing Screen 55" | D45: 2 | E45: عدد | F45: جهاز / وحدة | G45: 2359.5 | H45: دكت / مسار | I45: 1 | J45: 363 | K45: =Table7[[#This Row],[سعر/م]]*Table7[[#This Row],[طول/وحدة (م)]] -> 363 | L45: توصيل / برمجة | M45: 1 | N45: 363 | O45: =Table7[[#This Row],[سعر/م.ط]]*Table7[[#This Row],[طول/وحدة (م)2]] -> 363 | P45: 544.5 | Q45: =Table7[[#This Row],[تثبيت وتوصيل]]+Table7[[#This Row],[إجمالي سلك/وحدة]]+Table7[[#This Row],[إجمالي ماسورة/وحدة]]+Table7[[#This Row],[سعر العلبة /وحدة]] -> 3630 | R45: =Table7[[#This Row],[★الوحدة]]*Table7[[#This Row],[الكمية]] -> 7260
A46: 40 | B46: 40 | C46: Bracket Directory Screen | D46: 2 | E46: عدد | F46: جهاز / وحدة | G46: 250.25 | H46: دكت / مسار | I46: 1 | J46: 38.5 | K46: =Table7[[#This Row],[سعر/م]]*Table7[[#This Row],[طول/وحدة (م)]] -> 38.5 | L46: توصيل / برمجة | M46: 1 | N46: 38.5 | O46: =Table7[[#This Row],[سعر/م.ط]]*Table7[[#This Row],[طول/وحدة (م)2]] -> 38.5 | P46: 57.75 | Q46: =Table7[[#This Row],[تثبيت وتوصيل]]+Table7[[#This Row],[إجمالي سلك/وحدة]]+Table7[[#This Row],[إجمالي ماسورة/وحدة]]+Table7[[#This Row],[سعر العلبة /وحدة]] -> 385 | R46: =Table7[[#This Row],[★الوحدة]]*Table7[[#This Row],[الكمية]] -> 770
A47: 41 | B47: 41 | C47: Conduit+Data+Power for Counter Touch 13" | D47: 7 | E47: عدد | F47: جهاز / وحدة | G47: 572 | H47: دكت / مسار | I47: 1 | J47: 88 | K47: =Table7[[#This Row],[سعر/م]]*Table7[[#This Row],[طول/وحدة (م)]] -> 88 | L47: توصيل / برمجة | M47: 1 | N47: 88 | O47: =Table7[[#This Row],[سعر/م.ط]]*Table7[[#This Row],[طول/وحدة (م)2]] -> 88 | P47: 132 | Q47: =Table7[[#This Row],[تثبيت وتوصيل]]+Table7[[#This Row],[إجمالي سلك/وحدة]]+Table7[[#This Row],[إجمالي ماسورة/وحدة]]+Table7[[#This Row],[سعر العلبة /وحدة]] -> 880 | R47: =Table7[[#This Row],[★الوحدة]]*Table7[[#This Row],[الكمية]] -> 6160
A48: 42 | B48: 42 | C48: Doctor Touch Screen 13" | D48: 31 | E48: عدد | F48: جهاز / وحدة | G48: 1430 | H48: دكت / مسار | I48: 1 | J48: 220 | K48: =Table7[[#This Row],[سعر/م]]*Table7[[#This Row],[طول/وحدة (م)]] -> 220 | L48: توصيل / برمجة | M48: 1 | N48: 220 | O48: =Table7[[#This Row],[سعر/م.ط]]*Table7[[#This Row],[طول/وحدة (م)2]] -> 220 | P48: 330 | Q48: =Table7[[#This Row],[تثبيت وتوصيل]]+Table7[[#This Row],[إجمالي سلك/وحدة]]+Table7[[#This Row],[إجمالي ماسورة/وحدة]]+Table7[[#This Row],[سعر العلبة /وحدة]] -> 2200 | R48: =Table7[[#This Row],[★الوحدة]]*Table7[[#This Row],[الكمية]] -> 68200
A49: 43 | B49: 43 | C49: Staff Screen 55" | D49: 1 | E49: عدد | F49: جهاز / وحدة | G49: 2359.5 | H49: دكت / مسار | I49: 1 | J49: 363 | K49: =Table7[[#This Row],[سعر/م]]*Table7[[#This Row],[طول/وحدة (م)]] -> 363 | L49: توصيل / برمجة | M49: 1 | N49: 363 | O49: =Table7[[#This Row],[سعر/م.ط]]*Table7[[#This Row],[طول/وحدة (م)2]] -> 363 | P49: 544.5 | Q49: =Table7[[#This Row],[تثبيت وتوصيل]]+Table7[[#This Row],[إجمالي سلك/وحدة]]+Table7[[#This Row],[إجمالي ماسورة/وحدة]]+Table7[[#This Row],[سعر العلبة /وحدة]] -> 3630 | R49: =Table7[[#This Row],[★الوحدة]]*Table7[[#This Row],[الكمية]] -> 3630
A50: 44 | B50: 44 | C50: Operational Screen 55" | D50: 1 | E50: عدد | F50: جهاز / وحدة | G50: 2359.5 | H50: دكت / مسار | I50: 1 | J50: 363 | K50: =Table7[[#This Row],[سعر/م]]*Table7[[#This Row],[طول/وحدة (م)]] -> 363 | L50: توصيل / برمجة | M50: 1 | N50: 363 | O50: =Table7[[#This Row],[سعر/م.ط]]*Table7[[#This Row],[طول/وحدة (م)2]] -> 363 | P50: 544.5 | Q50: =Table7[[#This Row],[تثبيت وتوصيل]]+Table7[[#This Row],[إجمالي سلك/وحدة]]+Table7[[#This Row],[إجمالي ماسورة/وحدة]]+Table7[[#This Row],[سعر العلبة /وحدة]] -> 3630 | R50: =Table7[[#This Row],[★الوحدة]]*Table7[[#This Row],[الكمية]] -> 3630
... A52: 46 | B52: 46 | C52: Installation & Configuration DS | D52: 1 | E52: Lot | F52: جهاز / وحدة | G52: 7865 | H52: دكت / مسار | I52: 1 | J52: 1210 | K52: =Table7[[#This Row],[سعر/م]]*Table7[[#This Row],[طول/وحدة (م)]] -> 1210 | L52: توصيل / برمجة | M52: 1 | N52: 1210 | O52: =Table7[[#This Row],[سعر/م.ط]]*Table7[[#This Row],[طول/وحدة (م)2]] -> 1210 | P52: 1815 | Q52: =Table7[[#This Row],[تثبيت وتوصيل]]+Table7[[#This Row],[إجمالي سلك/وحدة]]+Table7[[#This Row],[إجمالي ماسورة/وحدة]]+Table7[[#This Row],[سعر العلبة /وحدة]] -> 12100 | R52: =Table7[[#This Row],[★الوحدة]]*Table7[[#This Row],[الكمية]] -> 12100
A54: ◄ نظام استدعاء التمريض Nurse Call
A55: 47 | B55: 47 | C55: Nurse Call Conduit & Accessories | D55: 100 | E55: م.ط | F55: جهاز / وحدة | G55: 14.3 | H55: دكت / مسار | I55: 1 | J55: 2.2 | K55: =Table7[[#This Row],[سعر/م]]*Table7[[#This Row],[طول/وحدة (م)]] -> 2.2 | L55: توصيل / برمجة | M55: 1 | N55: 2.2 | O55: =Table7[[#This Row],[سعر/م.ط]]*Table7[[#This Row],[طول/وحدة (م)2]] -> 2.2 | P55: 3.3 | Q55: =Table7[[#This Row],[تثبيت وتوصيل]]+Table7[[#This Row],[إجمالي سلك/وحدة]]+Table7[[#This Row],[إجمالي ماسورة/وحدة]]+Table7[[#This Row],[سعر العلبة /وحدة]] -> 22 | R55: =Table7[[#This Row],[★الوحدة]]*Table7[[#This Row],[الكمية]] -> 2200
A56: 48 | B56: 48 | C56: Nurse Call Cables | D56: 100 | E56: م.ط | F56: توريد كابل | G56: 14.025 | H56: حماية / مسار | I56: 1 | J56: 0.825 | K56: =Table7[[#This Row],[سعر/م]]*Table7[[#This Row],[طول/وحدة (م)]] -> 0.825 | L56: نهايات / | M56: 1 | N56: 0.825 | O56: =Table7[[#This Row],[سعر/م.ط]]*Table7[[#This Row],[طول/وحدة (م)2]] -> 0.825 | P56: 0.825 | Q56: =Table7[[#This Row],[تثبيت وتوصيل]]+Table7[[#This Row],[إجمالي سلك/وحدة]]+Table7[[#This Row],[إجمالي ماسورة/وحدة]]+Table7[[#This Row],[سعر العلبة /وحدة]] -> 16.5 | R56: =Table7[[#This Row],[★الوحدة]]*Table7[[#This Row],[الكمية]] -> 1650
A57: 49 | B57: 49 | C57: Nurse Call Equipment Config T&C Clino Phon 99 | D57: 1 | E57: LS | F57: جهاز / وحدة | G57: 57200 | H57: دكت / مسار | I57: 1 | J57: 8800 | K57: =Table7[[#This Row],[سعر/م]]*Table7[[#This Row],[طول/وحدة (م)]] -> 8800 | L57: توصيل / برمجة | M57: 1 | N57: 8800 | O57: =Table7[[#This Row],[سعر/م.ط]]*Table7[[#This Row],[طول/وحدة (م)2]] -> 8800 | P57: 13200 | Q57: =Table7[[#This Row],[تثبيت وتوصيل]]+Table7[[#This Row],[إجمالي سلك/وحدة]]+Table7[[#This Row],[إجمالي ماسورة/وحدة]]+Table7[[#This Row],[سعر العلبة /وحدة]] -> 88000 | R57: =Table7[[#This Row],[★الوحدة]]*Table7[[#This Row],[الكمية]] -> 88000
A59: ◄ شبكة الهاتف والبيانات T&D
A60: 50 | B60: 50 | C60: Telephone & Data Conduit | D60: 7000 | E60: م.ط | F60: جهاز / وحدة | G60: 12.87 | H60: دكت / مسار | I60: 1 | J60: 1.98 | K60: =Table7[[#This Row],[سعر/م]]*Table7[[#This Row],[طول/وحدة (م)]] -> 1.98 | L60: توصيل / برمجة | M60: 1 | N60: 1.98 | O60: =Table7[[#This Row],[سعر/م.ط]]*Table7[[#This Row],[طول/وحدة (م)2]] -> 1.98 | P60: 2.97 | Q60: =Table7[[#This Row],[تثبيت وتوصيل]]+Table7[[#This Row],[إجمالي سلك/وحدة]]+Table7[[#This Row],[إجمالي ماسورة/وحدة]]+Table7[[#This Row],[سعر العلبة /وحدة]] -> 19.8 | R60: =Table7[[#This Row],[★الوحدة]]*Table7[[#This Row],[الكمية]] -> 138600
A61: 51 | B61: 51 | C61: T&D CAT6A Cables | D61: 12000 | E61: م.ط | F61: توريد كابل | G61: 14.025 | H61: حماية / مسار | I61: 1 | J61: 0.825 | K61: =Table7[[#This Row],[سعر/م]]*Table7[[#This Row],[طول/وحدة (م)]] -> 0.825 | L61: نهايات / | M61: 1 | N61: 0.825 | O61: =Table7[[#This Row],[سعر/م.ط]]*Table7[[#This Row],[طول/وحدة (م)2]] -> 0.825 | P61: 0.825 | Q61: =Table7[[#This Row],[تثبيت وتوصيل]]+Table7[[#This Row],[إجمالي سلك/وحدة]]+Table7[[#This Row],[إجمالي ماسورة/وحدة]]+Table7[[#This Row],[سعر العلبة /وحدة]] -> 16.5 | R61: =Table7[[#This Row],[★الوحدة]]*Table7[[#This Row],[الكمية]] -> 198000
A62: 52 | B62: 52 | C62: Computer Outlet CAT6A | D62: 70 | E62: عدد | F62: توريد كابل | G62: 261.8 | H62: حماية / مسار | I62: 1 | J62: 15.4 | K62: =Table7[[#This Row],[سعر/م]]*Table7[[#This Row],[طول/وحدة (م)]] -> 15.4 | L62: نهايات / | M62: 1 | N62: 15.4 | O62: =Table7[[#This Row],[سعر/م.ط]]*Table7[[#This Row],[طول/وحدة (م)2]] -> 15.4 | P62: 15.4 | Q62: =Table7[[#This Row],[تثبيت وتوصيل]]+Table7[[#This Row],[إجمالي سلك/وحدة]]+Table7[[#This Row],[إجمالي ماسورة/وحدة]]+Table7[[#This Row],[سعر العلبة /وحدة]] -> 308 | R62: =Table7[[#This Row],[★الوحدة]]*Table7[[#This Row],[الكمية]] -> 21560
A63: 53 | B63: 53 | C63: Telephone Outlet RJ11 | D63: 50 | E63: عدد | F63: علبة + جهاز | G63: 68.75 | H63: ماسورة / ترنك | I63: 3 | J63: 22.917 | K63: =Table7[[#This Row],[سعر/م]]*Table7[[#This Row],[طول/وحدة (م)]] -> 68.751 | L63: سلك تغذية | M63: 4 | N63: 13.75 | O63: =Table7[[#This Row],[سعر/م.ط]]*Table7[[#This Row],[طول/وحدة (م)2]] -> 55 | P63: 82.5 | Q63: =Table7[[#This Row],[تثبيت وتوصيل]]+Table7[[#This Row],[إجمالي سلك/وحدة]]+Table7[[#This Row],[إجمالي ماسورة/وحدة]]+Table7[[#This Row],[سعر العلبة /وحدة]] -> 275.001 | R63: =Table7[[#This Row],[★الوحدة]]*Table7[[#This Row],[الكمية]] -> 13750.05
A64: 54 | B64: 54 | C64: Wireless Access Point | D64: 15 | E64: عدد | F64: علبة + جهاز | G64: 687.5 | H64: ماسورة / ترنك | I64: 3 | J64: 229.167 | K64: =Table7[[#This Row],[سعر/م]]*Table7[[#This Row],[طول/وحدة (م)]] -> 687.501 | L64: سلك تغذية | M64: 4 | N64: 137.5 | O64: =Table7[[#This Row],[سعر/م.ط]]*Table7[[#This Row],[طول/وحدة (م)2]] -> 550 | P64: 825 | Q64: =Table7[[#This Row],[تثبيت وتوصيل]]+Table7[[#This Row],[إجمالي سلك/وحدة]]+Table7[[#This Row],[إجمالي ماسورة/وحدة]]+Table7[[#This Row],[سعر العلبة /وحدة]] -> 2750.001 | R64: =Table7[[#This Row],[★الوحدة]]*Table7[[#This Row],[الكمية]] -> 41250.015
A65: 55 | B65: 55 | C65: Cabinet 47U Floor Standing + مراوح + PDU | D65: 1 | E65: عدد | F65: جهاز / وحدة | G65: 14300 | H65: دكت / مسار | I65: 1 | J65: 2200 | K65: =Table7[[#This Row],[سعر/م]]*Table7[[#This Row],[طول/وحدة (م)]] -> 2200 | L65: توصيل / برمجة | M65: 1 | N65: 2200 | O65: =Table7[[#This Row],[سعر/م.ط]]*Table7[[#This Row],[طول/وحدة (م)2]] -> 2200 | P65: 3300 | Q65: =Table7[[#This Row],[تثبيت وتوصيل]]+Table7[[#This Row],[إجمالي سلك/وحدة]]+Table7[[#This Row],[إجمالي ماسورة/وحدة]]+Table7[[#This Row],[سعر العلبة /وحدة]] -> 22000 | R65: =Table7[[#This Row],[★الوحدة]]*Table7[[#This Row],[الكمية]] -> 22000
A66: 56 | B66: 56 | C66: Cisco UC Phone 7811 | D66: 60 | E66: عدد | F66: جهاز / وحدة | G66: 858 | H66: دكت / مسار | I66: 1 | J66: 132 | K66: =Table7[[#This Row],[سعر/م]]*Table7[[#This Row],[طول/وحدة (م)]] -> 132 | L66: توصيل / برمجة | M66: 1 | N66: 132 | O66: =Table7[[#This Row],[سعر/م.ط]]*Table7[[#This Row],[طول/وحدة (م)2]] -> 132 | P66: 198 | Q66: =Table7[[#This Row],[تثبيت وتوصيل]]+Table7[[#This Row],[إجمالي سلك/وحدة]]+Table7[[#This Row],[إجمالي ماسورة/وحدة]]+Table7[[#This Row],[سعر العلبة /وحدة]] -> 1320 | R66: =Table7[[#This Row],[★الوحدة]]*Table7[[#This Row],[الكمية]] -> 79200
A67: 57 | B67: 57 | C67: Catalyst 9300 48-port UPOE Network Advantage | D67: 5 | E67: عدد | F67: جهاز / وحدة | G67: 8580 | H67: دكت / مسار | I67: 1 | J67: 1320 | K67: =Table7[[#This Row],[سعر/م]]*Table7[[#This Row],[طول/وحدة (م)]] -> 1320 | L67: توصيل / برمجة | M67: 1 | N67: 1320 | O67: =Table7[[#This Row],[سعر/م.ط]]*Table7[[#This Row],[طول/وحدة (م)2]] -> 1320 | P67: 1980 | Q67: =Table7[[#This Row],[تثبيت وتوصيل]]+Table7[[#This Row],[إجمالي سلك/وحدة]]+Table7[[#This Row],[إجمالي ماسورة/وحدة]]+Table7[[#This Row],[سعر العلبة /وحدة]] -> 13200 | R67: =Table7[[#This Row],[★الوحدة]]*Table7[[#This Row],[الكمية]] -> 66000
A68: 58 | B68: 58 | C68: 24-Port Fiber Optic Patch Panel | D68: 2 | E68: عدد | F68: توريد كابل | G68: 2618 | H68: حماية / مسار | I68: 1 | J68: 154 | K68: =Table7[[#This Row],[سعر/م]]*Table7[[#This Row],[طول/وحدة (م)]] -> 154 | L68: نهايات / | M68: 1 | N68: 154 | O68: =Table7[[#This Row],[سعر/م.ط]]*Table7[[#This Row],[طول/وحدة (م)2]] -> 154 | P68: 154 | Q68: =Table7[[#This Row],[تثبيت وتوصيل]]+Table7[[#This Row],[إجمالي سلك/وحدة]]+Table7[[#This Row],[إجمالي ماسورة/وحدة]]+Table7[[#This Row],[سعر العلبة /وحدة]] -> 3080 | R68: =Table7[[#This Row],[★الوحدة]]*Table7[[#This Row],[الكمية]] -> 6160
A69: 59 | B69: 59 | C69: 48-Port CommScope CAT6A Patch Panel | D69: 6 | E69: عدد | F69: توريد كابل | G69: 2618 | H69: حماية / مسار | I69: 1 | J69: 154 | K69: =Table7[[#This Row],[سعر/م]]*Table7[[#This Row],[طول/وحدة (م)]] -> 154 | L69: نهايات / | M69: 1 | N69: 154 | O69: =Table7[[#This Row],[سعر/م.ط]]*Table7[[#This Row],[طول/وحدة (م)2]] -> 154 | P69: 154 | Q69: =Table7[[#This Row],[تثبيت وتوصيل]]+Table7[[#This Row],[إجمالي سلك/وحدة]]+Table7[[#This Row],[إجمالي ماسورة/وحدة]]+Table7[[#This Row],[سعر العلبة /وحدة]] -> 3080 | R69: =Table7[[#This Row],[★الوحدة]]*Table7[[#This Row],[الكمية]] -> 18480
A70: 60 | B70: 60 | C70: Multimode 12-Core Fiber Optic OM3 Outdoor | D70: 300 | E70: م.ط | F70: توريد كابل | G70: 65.45 | H70: حماية / مسار | I70: 1 | J70: 3.85 | K70: =Table7[[#This Row],[سعر/م]]*Table7[[#This Row],[طول/وحدة (م)]] -> 3.85 | L70: نهايات / | M70: 1 | N70: 3.85 | O70: =Table7[[#This Row],[سعر/م.ط]]*Table7[[#This Row],[طول/وحدة (م)2]] -> 3.85 | P70: 3.85 | Q70: =Table7[[#This Row],[تثبيت وتوصيل]]+Table7[[#This Row],[إجمالي سلك/وحدة]]+Table7[[#This Row],[إجمالي ماسورة/وحدة]]+Table7[[#This Row],[سعر العلبة /وحدة]] -> 77 | R70: =Table7[[#This Row],[★الوحدة]]*Table7[[#This Row],[الكمية]] -> 23100
A71: 61 | B71: 61 | C71: Fiber Patch Cord & Jumpers 1م/2م/3م/5م | D71: 1 | E71: LS | F71: توريد كابل | G71: 3740 | H71: حماية / مسار | I71: 1 | J71: 220 | K71: =Table7[[#This Row],[سعر/م]]*Table7[[#This Row],[طول/وحدة (م)]] -> 220 | L71: نهايات / | M71: 1 | N71: 220 | O71: =Table7[[#This Row],[سعر/م.ط]]*Table7[[#This Row],[طول/وحدة (م)2]] -> 220 | P71: 220 | Q71: =Table7[[#This Row],[تثبيت وتوصيل]]+Table7[[#This Row],[إجمالي سلك/وحدة]]+Table7[[#This Row],[إجمالي ماسورة/وحدة]]+Table7[[#This Row],[سعر العلبة /وحدة]] -> 4400 | R71: =Table7[[#This Row],[★الوحدة]]*Table7[[#This Row],[الكمية]] -> 4400
... A73: 63 | B73: 63 | C73: T&C T&D + Professional Services شامل Fluke+OTDR | D73: 1 | E73: LS | F73: جهاز / وحدة | G73: 14300 | H73: دكت / مسار | I73: 1 | J73: 2200 | K73: =Table7[[#This Row],[سعر/م]]*Table7[[#This Row],[طول/وحدة (م)]] -> 2200 | L73: توصيل / برمجة | M73: 1 | N73: 2200 | O73: =Table7[[#This Row],[سعر/م.ط]]*Table7[[#This Row],[طول/وحدة (م)2]] -> 2200 | P73: 3300 | Q73: =Table7[[#This Row],[تثبيت وتوصيل]]+Table7[[#This Row],[إجمالي سلك/وحدة]]+Table7[[#This Row],[إجمالي ماسورة/وحدة]]+Table7[[#This Row],[سعر العلبة /وحدة]] -> 22000 | R73: =Table7[[#This Row],[★الوحدة]]*Table7[[#This Row],[الكمية]] -> 22000
A75: ◄ نظام إدارة الطوابير Queuing
A76: 64 | B76: 64 | C76: Queuing Conduit | D76: 450 | E76: م.ط | F76: جهاز / وحدة | G76: 12.87 | H76: دكت / مسار | I76: 1 | J76: 1.98 | K76: =Table7[[#This Row],[سعر/م]]*Table7[[#This Row],[طول/وحدة (م)]] -> 1.98 | L76: توصيل / برمجة | M76: 1 | N76: 1.98 | O76: =Table7[[#This Row],[سعر/م.ط]]*Table7[[#This Row],[طول/وحدة (م)2]] -> 1.98 | P76: 2.97 | Q76: =Table7[[#This Row],[تثبيت وتوصيل]]+Table7[[#This Row],[إجمالي سلك/وحدة]]+Table7[[#This Row],[إجمالي ماسورة/وحدة]]+Table7[[#This Row],[سعر العلبة /وحدة]] -> 19.8 | R76: =Table7[[#This Row],[★الوحدة]]*Table7[[#This Row],[الكمية]] -> 8910
A77: 65 | B77: 65 | C77: Queuing CAT6A Cables | D77: 750 | E77: م.ط | F77: توريد كابل | G77: 14.025 | H77: حماية / مسار | I77: 1 | J77: 0.825 | K77: =Table7[[#This Row],[سعر/م]]*Table7[[#This Row],[طول/وحدة (م)]] -> 0.825 | L77: نهايات / | M77: 1 | N77: 0.825 | O77: =Table7[[#This Row],[سعر/م.ط]]*Table7[[#This Row],[طول/وحدة (م)2]] -> 0.825 | P77: 0.825 | Q77: =Table7[[#This Row],[تثبيت وتوصيل]]+Table7[[#This Row],[إجمالي سلك/وحدة]]+Table7[[#This Row],[إجمالي ماسورة/وحدة]]+Table7[[#This Row],[سعر العلبة /وحدة]] -> 16.5 | R77: =Table7[[#This Row],[★الوحدة]]*Table7[[#This Row],[الكمية]] -> 12375
A78: 66 | B78: 66 | C78: Ticket Dispenser | D78: 2 | E78: عدد | F78: جهاز / وحدة | G78: 2502.5 | H78: دكت / مسار | I78: 1 | J78: 385 | K78: =Table7[[#This Row],[سعر/م]]*Table7[[#This Row],[طول/وحدة (م)]] -> 385 | L78: توصيل / برمجة | M78: 1 | N78: 385 | O78: =Table7[[#This Row],[سعر/م.ط]]*Table7[[#This Row],[طول/وحدة (م)2]] -> 385 | P78: 577.5 | Q78: =Table7[[#This Row],[تثبيت وتوصيل]]+Table7[[#This Row],[إجمالي سلك/وحدة]]+Table7[[#This Row],[إجمالي ماسورة/وحدة]]+Table7[[#This Row],[سعر العلبة /وحدة]] -> 3850 | R78: =Table7[[#This Row],[★الوحدة]]*Table7[[#This Row],[الكمية]] -> 7700
A79: 67 | B79: 67 | C79: Counter Display Unit | D79: 2 | E79: عدد | F79: جهاز / وحدة | G79: 1072.5 | H79: دكت / مسار | I79: 1 | J79: 165 | K79: =Table7[[#This Row],[سعر/م]]*Table7[[#This Row],[طول/وحدة (م)]] -> 165 | L79: توصيل / برمجة | M79: 1 | N79: 165 | O79: =Table7[[#This Row],[سعر/م.ط]]*Table7[[#This Row],[طول/وحدة (م)2]] -> 165 | P79: 247.5 | Q79: =Table7[[#This Row],[تثبيت وتوصيل]]+Table7[[#This Row],[إجمالي سلك/وحدة]]+Table7[[#This Row],[إجمالي ماسورة/وحدة]]+Table7[[#This Row],[سعر العلبة /وحدة]] -> 1650 | R79: =Table7[[#This Row],[★الوحدة]]*Table7[[#This Row],[الكمية]] -> 3300
A80: 68 | B80: 68 | C80: Waiting Area Display | D80: 2 | E80: عدد | F80: جهاز / وحدة | G80: 1430 | H80: دكت / مسار | I80: 1 | J80: 220 | K80: =Table7[[#This Row],[سعر/م]]*Table7[[#This Row],[طول/وحدة (م)]] -> 220 | L80: توصيل / برمجة | M80: 1 | N80: 220 | O80: =Table7[[#This Row],[سعر/م.ط]]*Table7[[#This Row],[طول/وحدة (م)2]] -> 220 | P80: 330 | Q80: =Table7[[#This Row],[تثبيت وتوصيل]]+Table7[[#This Row],[إجمالي سلك/وحدة]]+Table7[[#This Row],[إجمالي ماسورة/وحدة]]+Table7[[#This Row],[سعر العلبة /وحدة]] -> 2200 | R80: =Table7[[#This Row],[★الوحدة]]*Table7[[#This Row],[الكمية]] -> 4400
A81: 69 | B81: 69 | C81: Keyboard Calling Unit | D81: 2 | E81: عدد | F81: جهاز / وحدة | G81: 715 | H81: دكت / مسار | I81: 1 | J81: 110 | K81: =Table7[[#This Row],[سعر/م]]*Table7[[#This Row],[طول/وحدة (م)]] -> 110 | L81: توصيل / برمجة | M81: 1 | N81: 110 | O81: =Table7[[#This Row],[سعر/م.ط]]*Table7[[#This Row],[طول/وحدة (م)2]] -> 110 | P81: 165 | Q81: =Table7[[#This Row],[تثبيت وتوصيل]]+Table7[[#This Row],[إجمالي سلك/وحدة]]+Table7[[#This Row],[إجمالي ماسورة/وحدة]]+Table7[[#This Row],[سعر العلبة /وحدة]] -> 1100 | R81: =Table7[[#This Row],[★الوحدة]]*Table7[[#This Row],[الكمية]] -> 2200
A82: 70 | B82: 70 | C82: Central Controller Queuing | D82: 1 | E82: عدد | F82: جهاز / وحدة | G82: 3575 | H82: دكت / مسار | I82: 1 | J82: 550 | K82: =Table7[[#This Row],[سعر/م]]*Table7[[#This Row],[طول/وحدة (م)]] -> 550 | L82: توصيل / برمجة | M82: 1 | N82: 550 | O82: =Table7[[#This Row],[سعر/م.ط]]*Table7[[#This Row],[طول/وحدة (م)2]] -> 550 | P82: 825 | Q82: =Table7[[#This Row],[تثبيت وتوصيل]]+Table7[[#This Row],[إجمالي سلك/وحدة]]+Table7[[#This Row],[إجمالي ماسورة/وحدة]]+Table7[[#This Row],[سعر العلبة /وحدة]] -> 5500 | R82: =Table7[[#This Row],[★الوحدة]]*Table7[[#This Row],[الكمية]] -> 5500
A83: 71 | B83: 71 | C83: 6W Ceiling Speaker + محول Queue | D83: 2 | E83: عدد | F83: جهاز / وحدة | G83: 607.75 | H83: دكت / مسار | I83: 1 | J83: 93.5 | K83: =Table7[[#This Row],[سعر/م]]*Table7[[#This Row],[طول/وحدة (م)]] -> 93.5 | L83: توصيل / برمجة | M83: 1 | N83: 93.5 | O83: =Table7[[#This Row],[سعر/م.ط]]*Table7[[#This Row],[طول/وحدة (م)2]] -> 93.5 | P83: 140.25 | Q83: =Table7[[#This Row],[تثبيت وتوصيل]]+Table7[[#This Row],[إجمالي سلك/وحدة]]+Table7[[#This Row],[إجمالي ماسورة/وحدة]]+Table7[[#This Row],[سعر العلبة /وحدة]] -> 935 | R83: =Table7[[#This Row],[★الوحدة]]*Table7[[#This Row],[الكمية]] -> 1870
A84: 72 | B84: 72 | C84: Rack + UPS للنظام | D84: 1 | E84: عدد | F84: جهاز / وحدة | G84: 5005 | H84: دكت / مسار | I84: 1 | J84: 770 | K84: =Table7[[#This Row],[سعر/م]]*Table7[[#This Row],[طول/وحدة (م)]] -> 770 | L84: توصيل / برمجة | M84: 1 | N84: 770 | O84: =Table7[[#This Row],[سعر/م.ط]]*Table7[[#This Row],[طول/وحدة (م)2]] -> 770 | P84: 1155 | Q84: =Table7[[#This Row],[تثبيت وتوصيل]]+Table7[[#This Row],[إجمالي سلك/وحدة]]+Table7[[#This Row],[إجمالي ماسورة/وحدة]]+Table7[[#This Row],[سعر العلبة /وحدة]] -> 7700 | R84: =Table7[[#This Row],[★الوحدة]]*Table7[[#This Row],[الكمية]] -> 7700
A85: 73 | B85: 73 | C85: 60" LED Monitor Dashboard | D85: 1 | E85: عدد | F85: جهاز / وحدة | G85: 2502.5 | H85: دكت / مسار | I85: 1 | J85: 385 | K85: =Table7[[#This Row],[سعر/م]]*Table7[[#This Row],[طول/وحدة (م)]] -> 385 | L85: توصيل / برمجة | M85: 1 | N85: 385 | O85: =Table7[[#This Row],[سعر/م.ط]]*Table7[[#This Row],[طول/وحدة (م)2]] -> 385 | P85: 577.5 | Q85: =Table7[[#This Row],[تثبيت وتوصيل]]+Table7[[#This Row],[إجمالي سلك/وحدة]]+Table7[[#This Row],[إجمالي ماسورة/وحدة]]+Table7[[#This Row],[سعر العلبة /وحدة]] -> 3850 | R85: =Table7[[#This Row],[★الوحدة]]*Table7[[#This Row],[الكمية]] -> 3850
A86: 74 | B86: 74 | C86: Workstation + Licensed Software + BMS | D86: 1 | E86: LS | F86: جهاز / وحدة | G86: 7150 | H86: دكت / مسار | I86: 1 | J86: 1100 | K86: =Table7[[#This Row],[سعر/م]]*Table7[[#This Row],[طول/وحدة (م)]] -> 1100 | L86: توصيل / برمجة | M86: 1 | N86: 1100 | O86: =Table7[[#This Row],[سعر/م.ط]]*Table7[[#This Row],[طول/وحدة (م)2]] -> 1100 | P86: 1650 | Q86: =Table7[[#This Row],[تثبيت وتوصيل]]+Table7[[#This Row],[إجمالي سلك/وحدة]]+Table7[[#This Row],[إجمالي ماسورة/وحدة]]+Table7[[#This Row],[سعر العلبة /وحدة]] -> 11000 | R86: =Table7[[#This Row],[★الوحدة]]*Table7[[#This Row],[الكمية]] -> 11000
A87: 75 | B87: 75 | C87: T&C Queuing | D87: 1 | E87: LS | F87: جهاز / وحدة | G87: 3575 | H87: دكت / مسار | I87: 1 | J87: 550 | K87: =Table7[[#This Row],[سعر/م]]*Table7[[#This Row],[طول/وحدة (م)]] -> 550 | L87: توصيل / برمجة | M87: 1 | N87: 550 | O87: =Table7[[#This Row],[سعر/م.ط]]*Table7[[#This Row],[طول/وحدة (م)2]] -> 550 | P87: 825 | Q87: =Table7[[#This Row],[تثبيت وتوصيل]]+Table7[[#This Row],[إجمالي سلك/وحدة]]+Table7[[#This Row],[إجمالي ماسورة/وحدة]]+Table7[[#This Row],[سعر العلبة /وحدة]] -> 5500 | R87: =Table7[[#This Row],[★الوحدة]]*Table7[[#This Row],[الكمية]] -> 5500
A89: ◄ نظام التحكم بالدخول Access Control
A90: 76 | B90: 76 | C90: Access Control Conduit | D90: 1300 | E90: م.ط | F90: جهاز / وحدة | G90: 14.3 | H90: دكت / مسار | I90: 1 | J90: 2.2 | K90: =Table7[[#This Row],[سعر/م]]*Table7[[#This Row],[طول/وحدة (م)]] -> 2.2 | L90: توصيل / برمجة | M90: 1 | N90: 2.2 | O90: =Table7[[#This Row],[سعر/م.ط]]*Table7[[#This Row],[طول/وحدة (م)2]] -> 2.2 | P90: 3.3 | Q90: =Table7[[#This Row],[تثبيت وتوصيل]]+Table7[[#This Row],[إجمالي سلك/وحدة]]+Table7[[#This Row],[إجمالي ماسورة/وحدة]]+Table7[[#This Row],[سعر العلبة /وحدة]] -> 22 | R90: =Table7[[#This Row],[★الوحدة]]*Table7[[#This Row],[الكمية]] -> 28600
A91: 77 | B91: 77 | C91: Access Control CAT6A Cables | D91: 2220 | E91: م.ط | F91: توريد كابل | G91: 14.025 | H91: حماية / مسار | I91: 1 | J91: 0.825 | K91: =Table7[[#This Row],[سعر/م]]*Table7[[#This Row],[طول/وحدة (م)]] -> 0.825 | L91: نهايات / | M91: 1 | N91: 0.825 | O91: =Table7[[#This Row],[سعر/م.ط]]*Table7[[#This Row],[طول/وحدة (م)2]] -> 0.825 | P91: 0.825 | Q91: =Table7[[#This Row],[تثبيت وتوصيل]]+Table7[[#This Row],[إجمالي سلك/وحدة]]+Table7[[#This Row],[إجمالي ماسورة/وحدة]]+Table7[[#This Row],[سعر العلبة /وحدة]] -> 16.5 | R91: =Table7[[#This Row],[★الوحدة]]*Table7[[#This Row],[الكمية]] -> 36630
A92: 78 | B92: 78 | C92: Card Reader HID Proximity | D92: 10 | E92: عدد | F92: جهاز / وحدة | G92: 858 | H92: دكت / مسار | I92: 1 | J92: 132 | K92: =Table7[[#This Row],[سعر/م]]*Table7[[#This Row],[طول/وحدة (م)]] -> 132 | L92: توصيل / برمجة | M92: 1 | N92: 132 | O92: =Table7[[#This Row],[سعر/م.ط]]*Table7[[#This Row],[طول/وحدة (م)2]] -> 132 | P92: 198 | Q92: =Table7[[#This Row],[تثبيت وتوصيل]]+Table7[[#This Row],[إجمالي سلك/وحدة]]+Table7[[#This Row],[إجمالي ماسورة/وحدة]]+Table7[[#This Row],[سعر العلبة /وحدة]] -> 1320 | R92: =Table7[[#This Row],[★الوحدة]]*Table7[[#This Row],[الكمية]] -> 13200
A93: 79 | B93: 79 | C93: Exit Push Button | D93: 12 | E93: عدد | F93: وحدة / جهاز إنارة | G93: 211.75 | H93: EMT / PVC | I93: 2 | J93: 19.25 | K93: =Table7[[#This Row],[سعر/م]]*Table7[[#This Row],[طول/وحدة (م)]] -> 38.5 | L93: سلك إنارة | M93: 5 | N93: 11.55 | O93: =Table7[[#This Row],[سعر/م.ط]]*Table7[[#This Row],[طول/وحدة (م)2]] -> 57.75 | P93: 77 | Q93: =Table7[[#This Row],[تثبيت وتوصيل]]+Table7[[#This Row],[إجمالي سلك/وحدة]]+Table7[[#This Row],[إجمالي ماسورة/وحدة]]+Table7[[#This Row],[سعر العلبة /وحدة]] -> 385 | R93: =Table7[[#This Row],[★الوحدة]]*Table7[[#This Row],[الكمية]] -> 4620
A94: 80 | B94: 80 | C94: 4-Door Access Controller | D94: 3 | E94: عدد | F94: جهاز / وحدة | G94: 3217.5 | H94: دكت / مسار | I94: 1 | J94: 495 | K94: =Table7[[#This Row],[سعر/م]]*Table7[[#This Row],[طول/وحدة (م)]] -> 495 | L94: توصيل / برمجة | M94: 1 | N94: 495 | O94: =Table7[[#This Row],[سعر/م.ط]]*Table7[[#This Row],[طول/وحدة (م)2]] -> 495 | P94: 742.5 | Q94: =Table7[[#This Row],[تثبيت وتوصيل]]+Table7[[#This Row],[إجمالي سلك/وحدة]]+Table7[[#This Row],[إجمالي ماسورة/وحدة]]+Table7[[#This Row],[سعر العلبة /وحدة]] -> 4950 | R94: =Table7[[#This Row],[★الوحدة]]*Table7[[#This Row],[الكمية]] -> 14850
A95: 81 | B95: 81 | C95: Single Door Magnetic Lock | D95: 8 | E95: عدد | F95: جهاز / وحدة | G95: 429 | H95: دكت / مسار | I95: 1 | J95: 66 | K95: =Table7[[#This Row],[سعر/م]]*Table7[[#This Row],[طول/وحدة (م)]] -> 66 | L95: توصيل / برمجة | M95: 1 | N95: 66 | O95: =Table7[[#This Row],[سعر/م.ط]]*Table7[[#This Row],[طول/وحدة (م)2]] -> 66 | P95: 99 | Q95: =Table7[[#This Row],[تثبيت وتوصيل]]+Table7[[#This Row],[إجمالي سلك/وحدة]]+Table7[[#This Row],[إجمالي ماسورة/وحدة]]+Table7[[#This Row],[سعر العلبة /وحدة]] -> 660 | R95: =Table7[[#This Row],[★الوحدة]]*Table7[[#This Row],[الكمية]] -> 5280
A96: 82 | B96: 82 | C96: Double Door Magnetic Lock | D96: 2 | E96: عدد | F96: جهاز / وحدة | G96: 607.75 | H96: دكت / مسار | I96: 1 | J96: 93.5 | K96: =Table7[[#This Row],[سعر/م]]*Table7[[#This Row],[طول/وحدة (م)]] -> 93.5 | L96: توصيل / برمجة | M96: 1 | N96: 93.5 | O96: =Table7[[#This Row],[سعر/م.ط]]*Table7[[#This Row],[طول/وحدة (م)2]] -> 93.5 | P96: 140.25 | Q96: =Table7[[#This Row],[تثبيت وتوصيل]]+Table7[[#This Row],[إجمالي سلك/وحدة]]+Table7[[#This Row],[إجمالي ماسورة/وحدة]]+Table7[[#This Row],[سعر العلبة /وحدة]] -> 935 | R96: =Table7[[#This Row],[★الوحدة]]*Table7[[#This Row],[الكمية]] -> 1870
A97: 83 | B97: 83 | C97: Power Supply 240V AC / 12V DC | D97: 1 | E97: LS | F97: جهاز / وحدة | G97: 1787.5 | H97: دكت / مسار | I97: 1 | J97: 275 | K97: =Table7[[#This Row],[سعر/م]]*Table7[[#This Row],[طول/وحدة (م)]] -> 275 | L97: توصيل / برمجة | M97: 1 | N97: 275 | O97: =Table7[[#This Row],[سعر/م.ط]]*Table7[[#This Row],[طول/وحدة (م)2]] -> 275 | P97: 412.5 | Q97: =Table7[[#This Row],[تثبيت وتوصيل]]+Table7[[#This Row],[إجمالي سلك/وحدة]]+Table7[[#This Row],[إجمالي ماسورة/وحدة]]+Table7[[#This Row],[سعر العلبة /وحدة]] -> 2750 | R97: =Table7[[#This Row],[★الوحدة]]*Table7[[#This Row],[الكمية]] -> 2750
A98: 84 | B98: 84 | C98: Configuration T&C Access Control | D98: 1 | E98: LS | F98: جهاز / وحدة | G98: 5005 | H98: دكت / مسار | I98: 1 | J98: 770 | K98: =Table7[[#This Row],[سعر/م]]*Table7[[#This Row],[طول/وحدة (م)]] -> 770 | L98: توصيل / برمجة | M98: 1 | N98: 770 | O98: =Table7[[#This Row],[سعر/م.ط]]*Table7[[#This Row],[طول/وحدة (م)2]] -> 770 | P98: 1155 | Q98: =Table7[[#This Row],[تثبيت وتوصيل]]+Table7[[#This Row],[إجمالي سلك/وحدة]]+Table7[[#This Row],[إجمالي ماسورة/وحدة]]+Table7[[#This Row],[سعر العلبة /وحدة]] -> 7700 | R98: =Table7[[#This Row],[★الوحدة]]*Table7[[#This Row],[الكمية]] -> 7700
A100: ◄ نظام إنذار الحريق (تيار خفيف)
A101: 85 | B101: 85 | C101: Addressable Optical Smoke Detector | D101: 100 | E101: عدد | F101: جهاز / لوحة FA | G101: 154 | H101: ماسورة / علب | I101: 2 | J101: 15.4 | K101: =Table7[[#This Row],[سعر/م]]*Table7[[#This Row],[طول/وحدة (م)]] -> 30.8 | L101: كابل / ربط | M101: 3 | N101: 15.4 | O101: =Table7[[#This Row],[سعر/م.ط]]*Table7[[#This Row],[طول/وحدة (م)2]] -> 46.2 | P101: 77 | Q101: =Table7[[#This Row],[تثبيت وتوصيل]]+Table7[[#This Row],[إجمالي سلك/وحدة]]+Table7[[#This Row],[إجمالي ماسورة/وحدة]]+Table7[[#This Row],[سعر العلبة /وحدة]] -> 308 | R101: =Table7[[#This Row],[★الوحدة]]*Table7[[#This Row],[الكمية]] -> 30800
A102: 86 | B102: 86 | C102: Optical Smoke Detector + LED Indicator | D102: 22 | E102: عدد | F102: جهاز / لوحة FA | G102: 165 | H102: ماسورة / علب | I102: 2 | J102: 16.5 | K102: =Table7[[#This Row],[سعر/م]]*Table7[[#This Row],[طول/وحدة (م)]] -> 33 | L102: كابل / ربط | M102: 3 | N102: 16.5 | O102: =Table7[[#This Row],[سعر/م.ط]]*Table7[[#This Row],[طول/وحدة (م)2]] -> 49.5 | P102: 82.5 | Q102: =Table7[[#This Row],[تثبيت وتوصيل]]+Table7[[#This Row],[إجمالي سلك/وحدة]]+Table7[[#This Row],[إجمالي ماسورة/وحدة]]+Table7[[#This Row],[سعر العلبة /وحدة]] -> 330 | R102: =Table7[[#This Row],[★الوحدة]]*Table7[[#This Row],[الكمية]] -> 7260
A103: 87 | B103: 87 | C103: Addressable Fixed Temp Heat Detector | D103: 15 | E103: عدد | F103: جهاز / لوحة FA | G103: 137.5 | H103: ماسورة / علب | I103: 2 | J103: 13.75 | K103: =Table7[[#This Row],[سعر/م]]*Table7[[#This Row],[طول/وحدة (م)]] -> 27.5 | L103: كابل / ربط | M103: 3 | N103: 13.75 | O103: =Table7[[#This Row],[سعر/م.ط]]*Table7[[#This Row],[طول/وحدة (م)2]] -> 41.25 | P103: 68.75 | Q103: =Table7[[#This Row],[تثبيت وتوصيل]]+Table7[[#This Row],[إجمالي سلك/وحدة]]+Table7[[#This Row],[إجمالي ماسورة/وحدة]]+Table7[[#This Row],[سعر العلبة /وحدة]] -> 275 | R103: =Table7[[#This Row],[★الوحدة]]*Table7[[#This Row],[الكمية]] -> 4125
A104: 88 | B104: 88 | C104: Addressable Duct Smoke Detector | D104: 4 | E104: عدد | F104: جهاز / لوحة FA | G104: 660 | H104: ماسورة / علب | I104: 2 | J104: 66 | K104: =Table7[[#This Row],[سعر/م]]*Table7[[#This Row],[طول/وحدة (م)]] -> 132 | L104: كابل / ربط | M104: 3 | N104: 66 | O104: =Table7[[#This Row],[سعر/م.ط]]*Table7[[#This Row],[طول/وحدة (م)2]] -> 198 | P104: 330 | Q104: =Table7[[#This Row],[تثبيت وتوصيل]]+Table7[[#This Row],[إجمالي سلك/وحدة]]+Table7[[#This Row],[إجمالي ماسورة/وحدة]]+Table7[[#This Row],[سعر العلبة /وحدة]] -> 1320 | R104: =Table7[[#This Row],[★الوحدة]]*Table7[[#This Row],[الكمية]] -> 5280
A105: 89 | B105: 89 | C105: Addressable Manual Call Point | D105: 6 | E105: عدد | F105: جهاز / لوحة FA | G105: 176 | H105: ماسورة / علب | I105: 2 | J105: 17.6 | K105: =Table7[[#This Row],[سعر/م]]*Table7[[#This Row],[طول/وحدة (م)]] -> 35.2 | L105: كابل / ربط | M105: 3 | N105: 17.6 | O105: =Table7[[#This Row],[سعر/م.ط]]*Table7[[#This Row],[طول/وحدة (م)2]] -> 52.8 | P105: 88 | Q105: =Table7[[#This Row],[تثبيت وتوصيل]]+Table7[[#This Row],[إجمالي سلك/وحدة]]+Table7[[#This Row],[إجمالي ماسورة/وحدة]]+Table7[[#This Row],[سعر العلبة /وحدة]] -> 352 | R105: =Table7[[#This Row],[★الوحدة]]*Table7[[#This Row],[الكمية]] -> 2112
A106: 90 | B106: 90 | C106: Manual Call Point Weather Proof | D106: 3 | E106: عدد | F106: جهاز / لوحة FA | G106: 209 | H106: ماسورة / علب | I106: 2 | J106: 20.9 | K106: =Table7[[#This Row],[سعر/م]]*Table7[[#This Row],[طول/وحدة (م)]] -> 41.8 | L106: كابل / ربط | M106: 3 | N106: 20.9 | O106: =Table7[[#This Row],[سعر/م.ط]]*Table7[[#This Row],[طول/وحدة (م)2]] -> 62.7 | P106: 104.5 | Q106: =Table7[[#This Row],[تثبيت وتوصيل]]+Table7[[#This Row],[إجمالي سلك/وحدة]]+Table7[[#This Row],[إجمالي ماسورة/وحدة]]+Table7[[#This Row],[سعر العلبة /وحدة]] -> 418 | R106: =Table7[[#This Row],[★الوحدة]]*Table7[[#This Row],[الكمية]] -> 1254
A107: 91 | B107: 91 | C107: Protective Cover Pack×10 | D107: 1 | E107: عدد | F107: جهاز / لوحة FA | G107: 137.5 | H107: ماسورة / علب | I107: 2 | J107: 13.75 | K107: =Table7[[#This Row],[سعر/م]]*Table7[[#This Row],[طول/وحدة (م)]] -> 27.5 | L107: كابل / ربط | M107: 3 | N107: 13.75 | O107: =Table7[[#This Row],[سعر/م.ط]]*Table7[[#This Row],[طول/وحدة (م)2]] -> 41.25 | P107: 68.75 | Q107: =Table7[[#This Row],[تثبيت وتوصيل]]+Table7[[#This Row],[إجمالي سلك/وحدة]]+Table7[[#This Row],[إجمالي ماسورة/وحدة]]+Table7[[#This Row],[سعر العلبة /وحدة]] -> 275 | R107: =Table7[[#This Row],[★الوحدة]]*Table7[[#This Row],[الكمية]] -> 275
A108: 92 | B108: 92 | C108: Addressable Sounder + Flasher | D108: 4 | E108: عدد | F108: جهاز / لوحة FA | G108: 209 | H108: ماسورة / علب | I108: 2 | J108: 20.9 | K108: =Table7[[#This Row],[سعر/م]]*Table7[[#This Row],[طول/وحدة (م)]] -> 41.8 | L108: كابل / ربط | M108: 3 | N108: 20.9 | O108: =Table7[[#This Row],[سعر/م.ط]]*Table7[[#This Row],[طول/وحدة (م)2]] -> 62.7 | P108: 104.5 | Q108: =Table7[[#This Row],[تثبيت وتوصيل]]+Table7[[#This Row],[إجمالي سلك/وحدة]]+Table7[[#This Row],[إجمالي ماسورة/وحدة]]+Table7[[#This Row],[سعر العلبة /وحدة]] -> 418 | R108: =Table7[[#This Row],[★الوحدة]]*Table7[[#This Row],[الكمية]] -> 1672
A109: 93 | B109: 93 | C109: Sounder + Flasher Weather Proof | D109: 5 | E109: عدد | F109: جهاز / لوحة FA | G109: 231 | H109: ماسورة / علب | I109: 2 | J109: 23.1 | K109: =Table7[[#This Row],[سعر/م]]*Table7[[#This Row],[طول/وحدة (م)]] -> 46.2 | L109: كابل / ربط | M109: 3 | N109: 23.1 | O109: =Table7[[#This Row],[سعر/م.ط]]*Table7[[#This Row],[طول/وحدة (م)2]] -> 69.3 | P109: 115.5 | Q109: =Table7[[#This Row],[تثبيت وتوصيل]]+Table7[[#This Row],[إجمالي سلك/وحدة]]+Table7[[#This Row],[إجمالي ماسورة/وحدة]]+Table7[[#This Row],[سعر العلبة /وحدة]] -> 462 | R109: =Table7[[#This Row],[★الوحدة]]*Table7[[#This Row],[الكمية]] -> 2310
A110: 94 | B110: 94 | C110: Monitoring Module MCom | D110: 4 | E110: عدد | F110: جهاز / لوحة FA | G110: 154 | H110: ماسورة / علب | I110: 2 | J110: 15.4 | K110: =Table7[[#This Row],[سعر/م]]*Table7[[#This Row],[طول/وحدة (م)]] -> 30.8 | L110: كابل / ربط | M110: 3 | N110: 15.4 | O110: =Table7[[#This Row],[سعر/م.ط]]*Table7[[#This Row],[طول/وحدة (م)2]] -> 46.2 | P110: 77 | Q110: =Table7[[#This Row],[تثبيت وتوصيل]]+Table7[[#This Row],[إجمالي سلك/وحدة]]+Table7[[#This Row],[إجمالي ماسورة/وحدة]]+Table7[[#This Row],[سعر العلبة /وحدة]] -> 308 | R110: =Table7[[#This Row],[★الوحدة]]*Table7[[#This Row],[الكمية]] -> 1232
A111: 95 | B111: 95 | C111: Control Module 220V AC | D111: 5 | E111: عدد | F111: جهاز / لوحة FA | G111: 192.5 | H111: ماسورة / علب | I111: 2 | J111: 19.25 | K111: =Table7[[#This Row],[سعر/م]]*Table7[[#This Row],[طول/وحدة (م)]] -> 38.5 | L111: كابل / ربط | M111: 3 | N111: 19.25 | O111: =Table7[[#This Row],[سعر/م.ط]]*Table7[[#This Row],[طول/وحدة (م)2]] -> 57.75 | P111: 96.25 | Q111: =Table7[[#This Row],[تثبيت وتوصيل]]+Table7[[#This Row],[إجمالي سلك/وحدة]]+Table7[[#This Row],[إجمالي ماسورة/وحدة]]+Table7[[#This Row],[سعر العلبة /وحدة]] -> 385 | R111: =Table7[[#This Row],[★الوحدة]]*Table7[[#This Row],[الكمية]] -> 1925
A112: 96 | B112: 96 | C112: Control Module 30V MCom | D112: 25 | E112: عدد | F112: جهاز / لوحة FA | G112: 154 | H112: ماسورة / علب | I112: 2 | J112: 15.4 | K112: =Table7[[#This Row],[سعر/م]]*Table7[[#This Row],[طول/وحدة (م)]] -> 30.8 | L112: كابل / ربط | M112: 3 | N112: 15.4 | O112: =Table7[[#This Row],[سعر/م.ط]]*Table7[[#This Row],[طول/وحدة (م)2]] -> 46.2 | P112: 77 | Q112: =Table7[[#This Row],[تثبيت وتوصيل]]+Table7[[#This Row],[إجمالي سلك/وحدة]]+Table7[[#This Row],[إجمالي ماسورة/وحدة]]+Table7[[#This Row],[سعر العلبة /وحدة]] -> 308 | R112: =Table7[[#This Row],[★الوحدة]]*Table7[[#This Row],[الكمية]] -> 7700
...

Sheet بريك داون BMS
A1: م | B1: رقم البند | C1: وصف البند | D1: الكمية | E1: الوحدة | F1: نوع العلبة | G1: سعر العلبة /وحدة | H1: نوع الماسورة | I1: طول/وحدة (م) | J1: سعر/م | K1: إجمالي ماسورة/وحدة | L1: نوع السلك | M1: طول/وحدة (م)2 | N1: سعر/م3 | O1: إجمالي سلك/وحدة | P1: تثبيت وتوصيل | Q1: ★الوحدة | R1: ★الإجمالي
A3: ◄ مرجع أعمال كهربائية
A4: 1 | B4: 4 | C4: لوحة طوارئ DB-LE4-1F | D4: 1 | E4: عدد | F4: لوحة / كابينة + داخليات | G4: 7920 | H4: تغذية / مسار | I4: 1 | J4: 1320 | K4: =Table8[[#This Row],[سعر/م]]*Table8[[#This Row],[طول/وحدة (م)]] -> 1320 | L4: سلك داخلي / ترقيم | M4: 1 | N4: 1320 | O4: =Table8[[#This Row],[سعر/م3]]*Table8[[#This Row],[طول/وحدة (م)2]] -> 1320 | P4: 2640 | Q4: =Table8[[#This Row],[تثبيت وتوصيل]]+Table8[[#This Row],[إجمالي سلك/وحدة]]+Table8[[#This Row],[إجمالي ماسورة/وحدة]]+Table8[[#This Row],[سعر العلبة /وحدة]] -> 13200 | R4: =Table8[[#This Row],[★الوحدة]]*Table8[[#This Row],[الكمية]] -> 13200
A5: 2 | B5: 8 | C5: لوحة تحكم إنارة KNX LCP4-1F | D5: 1 | E5: عدد | F5: لوحة / كابينة + داخليات | G5: 14520 | H5: تغذية / مسار | I5: 1 | J5: 2420 | K5: =Table8[[#This Row],[سعر/م]]*Table8[[#This Row],[طول/وحدة (م)]] -> 2420 | L5: سلك داخلي / ترقيم | M5: 1 | N5: 2420 | O5: =Table8[[#This Row],[سعر/م3]]*Table8[[#This Row],[طول/وحدة (م)2]] -> 2420 | P5: 4840 | Q5: =Table8[[#This Row],[تثبيت وتوصيل]]+Table8[[#This Row],[إجمالي سلك/وحدة]]+Table8[[#This Row],[إجمالي ماسورة/وحدة]]+Table8[[#This Row],[سعر العلبة /وحدة]] -> 24200 | R5: =Table8[[#This Row],[★الوحدة]]*Table8[[#This Row],[الكمية]] -> 24200
A6: 3 | B6: 37 | C6: نظام KNX كامل برنامج + IP-gateway + لوحات | D6: 1 | E6: LS | F6: لوحة / كابينة + داخليات | G6: 29700 | H6: تغذية / مسار | I6: 1 | J6: 4950 | K6: =Table8[[#This Row],[سعر/م]]*Table8[[#This Row],[طول/وحدة (م)]] -> 4950 | L6: سلك داخلي / ترقيم | M6: 1 | N6: 4950 | O6: =Table8[[#This Row],[سعر/م3]]*Table8[[#This Row],[طول/وحدة (م)2]] -> 4950 | P6: 9900 | Q6: =Table8[[#This Row],[تثبيت وتوصيل]]+Table8[[#This Row],[إجمالي سلك/وحدة]]+Table8[[#This Row],[إجمالي ماسورة/وحدة]]+Table8[[#This Row],[سعر العلبة /وحدة]] -> 49500 | R6: =Table8[[#This Row],[★الوحدة]]*Table8[[#This Row],[الكمية]] -> 49500
A8: ◄ مرجع أعمال التيار الخفيف
A9: 4 | B9: 74 | C9: Workstation + Licensed Software + BMS | D9: 1 | E9: LS | F9: لوحة / كابينة + داخليات | G9: 6600 | H9: تغذية / مسار | I9: 1 | J9: 1100 | K9: =Table8[[#This Row],[سعر/م]]*Table8[[#This Row],[طول/وحدة (م)]] -> 1100 | L9: سلك داخلي / ترقيم | M9: 1 | N9: 1100 | O9: =Table8[[#This Row],[سعر/م3]]*Table8[[#This Row],[طول/وحدة (م)2]] -> 1100 | P9: 2200 | Q9: =Table8[[#This Row],[تثبيت وتوصيل]]+Table8[[#This Row],[إجمالي سلك/وحدة]]+Table8[[#This Row],[إجمالي ماسورة/وحدة]]+Table8[[#This Row],[سعر العلبة /وحدة]] -> 11000 | R9: =Table8[[#This Row],[★الوحدة]]*Table8[[#This Row],[الكمية]] -> 11000
A11: ◄ مرجع أعمال ميكانيكية
A12: 5 | B12: 97 | C12: Building Management System BMS - توريد وتركيب وبرمجة | D12: 1 | E12: Lot | F12: لوحة / كابينة + داخليات | G12: 118800 | H12: تغذية / مسار | I12: 1 | J12: 19800 | K12: =Table8[[#This Row],[سعر/م]]*Table8[[#This Row],[طول/وحدة (م)]] -> 19800 | L12: سلك داخلي / ترقيم | M12: 1 | N12: 19800 | O12: =Table8[[#This Row],[سعر/م3]]*Table8[[#This Row],[طول/وحدة (م)2]] -> 19800 | P12: 39600 | Q12: =Table8[[#This Row],[تثبيت وتوصيل]]+Table8[[#This Row],[إجمالي سلك/وحدة]]+Table8[[#This Row],[إجمالي ماسورة/وحدة]]+Table8[[#This Row],[سعر العلبة /وحدة]] -> 198000 | R12: =Table8[[#This Row],[★الوحدة]]*Table8[[#This Row],[الكمية]] -> 198000
A14: الإجمالي الكلي لتكلفة BMS | R14: =SUBTOTAL(109,R2:R13) -> 295900
